"round","run_id","epoch","epoch_zero_based","step","loss","learning_rate","scheduler"
"round1_5epoch","lr1e-6","1","0","0","15.1341","1E-06","constant"
"round1_5epoch","lr1e-6","1","0","1","15.0652","1E-06","constant"
"round1_5epoch","lr1e-6","1","0","2","14.6685","1E-06","constant"
"round1_5epoch","lr1e-6","1","0","3","14.7097","1E-06","constant"
"round1_5epoch","lr1e-6","1","0","4","14.0547","1E-06","constant"
"round1_5epoch","lr1e-6","1","0","5","14.8862","1E-06","constant"
"round1_5epoch","lr1e-6","1","0","6","14.0918","1E-06","constant"
"round1_5epoch","lr1e-6","1","0","7","14.1415","1E-06","constant"
"round1_5epoch","lr1e-6","1","0","8","14.1399","1E-06","constant"
"round1_5epoch","lr1e-6","1","0","9","14.5201","1E-06","constant"
"round1_5epoch","lr1e-6","1","0","10","13.5658","1E-06","constant"
"round1_5epoch","lr1e-6","1","0","11","14.0287","1E-06","constant"
"round1_5epoch","lr1e-6","1","0","12","14.0007","1E-06","constant"
"round1_5epoch","lr1e-6","1","0","13","14.5537","1E-06","constant"
"round1_5epoch","lr1e-6","1","0","14","15.0629","1E-06","constant"
"round1_5epoch","lr1e-6","1","0","15","13.193","1E-06","constant"
"round1_5epoch","lr1e-6","1","0","16","14.555","1E-06","constant"
"round1_5epoch","lr1e-6","1","0","17","13.8371","1E-06","constant"
"round1_5epoch","lr1e-6","1","0","18","14.249","1E-06","constant"
"round1_5epoch","lr1e-6","1","0","19","13.4784","1E-06","constant"
"round1_5epoch","lr1e-6","1","0","20","13.2399","1E-06","constant"
"round1_5epoch","lr1e-6","1","0","21","13.8258","1E-06","constant"
"round1_5epoch","lr1e-6","1","0","22","13.3384","1E-06","constant"
"round1_5epoch","lr1e-6","1","0","23","14.5252","1E-06","constant"
"round1_5epoch","lr1e-6","1","0","24","13.7691","1E-06","constant"
"round1_5epoch","lr1e-6","1","0","25","14.0172","1E-06","constant"
"round1_5epoch","lr1e-6","1","0","26","13.743","1E-06","constant"
"round1_5epoch","lr1e-6","1","0","27","13.878","1E-06","constant"
"round1_5epoch","lr1e-6","1","0","28","13.2261","1E-06","constant"
"round1_5epoch","lr1e-6","1","0","29","12.9035","1E-06","constant"
"round1_5epoch","lr1e-6","1","0","30","14.1781","1E-06","constant"
"round1_5epoch","lr1e-6","1","0","31","13.2132","1E-06","constant"
"round1_5epoch","lr1e-6","1","0","32","13.3725","1E-06","constant"
"round1_5epoch","lr1e-6","1","0","33","13.0722","1E-06","constant"
"round1_5epoch","lr1e-6","1","0","34","13.3001","1E-06","constant"
"round1_5epoch","lr1e-6","1","0","35","13.7424","1E-06","constant"
"round1_5epoch","lr1e-6","1","0","36","13.5944","1E-06","constant"
"round1_5epoch","lr1e-6","1","0","37","13.579","1E-06","constant"
"round1_5epoch","lr1e-6","1","0","38","14.0418","1E-06","constant"
"round1_5epoch","lr1e-6","1","0","39","13.1555","1E-06","constant"
"round1_5epoch","lr1e-6","1","0","40","12.9237","1E-06","constant"
"round1_5epoch","lr1e-6","1","0","41","13.4585","1E-06","constant"
"round1_5epoch","lr1e-6","1","0","42","13.2054","1E-06","constant"
"round1_5epoch","lr1e-6","1","0","43","13.1883","1E-06","constant"
"round1_5epoch","lr1e-6","1","0","44","13.5551","1E-06","constant"
"round1_5epoch","lr1e-6","1","0","45","13.3404","1E-06","constant"
"round1_5epoch","lr1e-6","1","0","46","14.2242","1E-06","constant"
"round1_5epoch","lr1e-6","1","0","47","13.4325","1E-06","constant"
"round1_5epoch","lr1e-6","1","0","48","13.5179","1E-06","constant"
"round1_5epoch","lr1e-6","1","0","49","13.0064","1E-06","constant"
"round1_5epoch","lr1e-6","1","0","50","12.9745","1E-06","constant"
"round1_5epoch","lr1e-6","1","0","51","13.576","1E-06","constant"
"round1_5epoch","lr1e-6","1","0","52","12.9784","1E-06","constant"
"round1_5epoch","lr1e-6","1","0","53","13.8508","1E-06","constant"
"round1_5epoch","lr1e-6","1","0","54","13.4318","1E-06","constant"
"round1_5epoch","lr1e-6","1","0","55","12.8588","1E-06","constant"
"round1_5epoch","lr1e-6","1","0","56","13.9345","1E-06","constant"
"round1_5epoch","lr1e-6","1","0","57","13.334","1E-06","constant"
"round1_5epoch","lr1e-6","1","0","58","12.9534","1E-06","constant"
"round1_5epoch","lr1e-6","1","0","59","13.7296","1E-06","constant"
"round1_5epoch","lr1e-6","1","0","60","12.9033","1E-06","constant"
"round1_5epoch","lr1e-6","1","0","61","13.8985","1E-06","constant"
"round1_5epoch","lr1e-6","1","0","62","13.2781","1E-06","constant"
"round1_5epoch","lr1e-6","1","0","63","13.2296","1E-06","constant"
"round1_5epoch","lr1e-6","1","0","64","13.3474","1E-06","constant"
"round1_5epoch","lr1e-6","1","0","65","13.2628","1E-06","constant"
"round1_5epoch","lr1e-6","1","0","66","12.6471","1E-06","constant"
"round1_5epoch","lr1e-6","1","0","67","12.4811","1E-06","constant"
"round1_5epoch","lr1e-6","1","0","68","12.8273","1E-06","constant"
"round1_5epoch","lr1e-6","1","0","69","12.8058","1E-06","constant"
"round1_5epoch","lr1e-6","1","0","70","13.1575","1E-06","constant"
"round1_5epoch","lr1e-6","1","0","71","12.3637","1E-06","constant"
"round1_5epoch","lr1e-6","1","0","72","12.5428","1E-06","constant"
"round1_5epoch","lr1e-6","1","0","73","13.2447","1E-06","constant"
"round1_5epoch","lr1e-6","1","0","74","12.9974","1E-06","constant"
"round1_5epoch","lr1e-6","1","0","75","13.5663","1E-06","constant"
"round1_5epoch","lr1e-6","1","0","76","12.1569","1E-06","constant"
"round1_5epoch","lr1e-6","1","0","77","12.7484","1E-06","constant"
"round1_5epoch","lr1e-6","1","0","78","12.92","1E-06","constant"
"round1_5epoch","lr1e-6","1","0","79","12.2008","1E-06","constant"
"round1_5epoch","lr1e-6","1","0","80","11.8391","1E-06","constant"
"round1_5epoch","lr1e-6","1","0","81","12.3215","1E-06","constant"
"round1_5epoch","lr1e-6","1","0","82","12.6035","1E-06","constant"
"round1_5epoch","lr1e-6","1","0","83","12.4488","1E-06","constant"
"round1_5epoch","lr1e-6","1","0","84","12.4706","1E-06","constant"
"round1_5epoch","lr1e-6","1","0","85","12.1529","1E-06","constant"
"round1_5epoch","lr1e-6","1","0","86","13.2579","1E-06","constant"
"round1_5epoch","lr1e-6","1","0","87","11.9107","1E-06","constant"
"round1_5epoch","lr1e-6","1","0","88","12.2869","1E-06","constant"
"round1_5epoch","lr1e-6","1","0","89","12.7078","1E-06","constant"
"round1_5epoch","lr1e-6","2","1","0","11.6196","1E-06","constant"
"round1_5epoch","lr1e-6","2","1","1","13.0003","1E-06","constant"
"round1_5epoch","lr1e-6","2","1","2","12.0713","1E-06","constant"
"round1_5epoch","lr1e-6","2","1","3","11.8224","1E-06","constant"
"round1_5epoch","lr1e-6","2","1","4","12.4535","1E-06","constant"
"round1_5epoch","lr1e-6","2","1","5","12.8406","1E-06","constant"
"round1_5epoch","lr1e-6","2","1","6","11.5801","1E-06","constant"
"round1_5epoch","lr1e-6","2","1","7","13.185","1E-06","constant"
"round1_5epoch","lr1e-6","2","1","8","11.6261","1E-06","constant"
"round1_5epoch","lr1e-6","2","1","9","12.2219","1E-06","constant"
"round1_5epoch","lr1e-6","2","1","10","12.4376","1E-06","constant"
"round1_5epoch","lr1e-6","2","1","11","11.6006","1E-06","constant"
"round1_5epoch","lr1e-6","2","1","12","12.4201","1E-06","constant"
"round1_5epoch","lr1e-6","2","1","13","12.2455","1E-06","constant"
"round1_5epoch","lr1e-6","2","1","14","12.0944","1E-06","constant"
"round1_5epoch","lr1e-6","2","1","15","12.2721","1E-06","constant"
"round1_5epoch","lr1e-6","2","1","16","12.2947","1E-06","constant"
"round1_5epoch","lr1e-6","2","1","17","12.3052","1E-06","constant"
"round1_5epoch","lr1e-6","2","1","18","11.7584","1E-06","constant"
"round1_5epoch","lr1e-6","2","1","19","11.6662","1E-06","constant"
"round1_5epoch","lr1e-6","2","1","20","11.8251","1E-06","constant"
"round1_5epoch","lr1e-6","2","1","21","12.6247","1E-06","constant"
"round1_5epoch","lr1e-6","2","1","22","12.4169","1E-06","constant"
"round1_5epoch","lr1e-6","2","1","23","11.7038","1E-06","constant"
"round1_5epoch","lr1e-6","2","1","24","12.6745","1E-06","constant"
"round1_5epoch","lr1e-6","2","1","25","12.055","1E-06","constant"
"round1_5epoch","lr1e-6","2","1","26","12.1304","1E-06","constant"
"round1_5epoch","lr1e-6","2","1","27","12.0848","1E-06","constant"
"round1_5epoch","lr1e-6","2","1","28","11.6419","1E-06","constant"
"round1_5epoch","lr1e-6","2","1","29","11.2757","1E-06","constant"
"round1_5epoch","lr1e-6","2","1","30","11.6664","1E-06","constant"
"round1_5epoch","lr1e-6","2","1","31","12.1869","1E-06","constant"
"round1_5epoch","lr1e-6","2","1","32","11.99","1E-06","constant"
"round1_5epoch","lr1e-6","2","1","33","12.0887","1E-06","constant"
"round1_5epoch","lr1e-6","2","1","34","11.9996","1E-06","constant"
"round1_5epoch","lr1e-6","2","1","35","12.7534","1E-06","constant"
"round1_5epoch","lr1e-6","2","1","36","11.239","1E-06","constant"
"round1_5epoch","lr1e-6","2","1","37","11.6726","1E-06","constant"
"round1_5epoch","lr1e-6","2","1","38","11.5804","1E-06","constant"
"round1_5epoch","lr1e-6","2","1","39","11.7089","1E-06","constant"
"round1_5epoch","lr1e-6","2","1","40","12.1855","1E-06","constant"
"round1_5epoch","lr1e-6","2","1","41","11.3085","1E-06","constant"
"round1_5epoch","lr1e-6","2","1","42","12.063","1E-06","constant"
"round1_5epoch","lr1e-6","2","1","43","12.2833","1E-06","constant"
"round1_5epoch","lr1e-6","2","1","44","11.5981","1E-06","constant"
"round1_5epoch","lr1e-6","2","1","45","11.9817","1E-06","constant"
"round1_5epoch","lr1e-6","2","1","46","12.9786","1E-06","constant"
"round1_5epoch","lr1e-6","2","1","47","11.4918","1E-06","constant"
"round1_5epoch","lr1e-6","2","1","48","11.7329","1E-06","constant"
"round1_5epoch","lr1e-6","2","1","49","11.5346","1E-06","constant"
"round1_5epoch","lr1e-6","2","1","50","12.7698","1E-06","constant"
"round1_5epoch","lr1e-6","2","1","51","12.2056","1E-06","constant"
"round1_5epoch","lr1e-6","2","1","52","11.6973","1E-06","constant"
"round1_5epoch","lr1e-6","2","1","53","11.9878","1E-06","constant"
"round1_5epoch","lr1e-6","2","1","54","11.9314","1E-06","constant"
"round1_5epoch","lr1e-6","2","1","55","11.7274","1E-06","constant"
"round1_5epoch","lr1e-6","2","1","56","11.1922","1E-06","constant"
"round1_5epoch","lr1e-6","2","1","57","11.3787","1E-06","constant"
"round1_5epoch","lr1e-6","2","1","58","11.2424","1E-06","constant"
"round1_5epoch","lr1e-6","2","1","59","11.9184","1E-06","constant"
"round1_5epoch","lr1e-6","2","1","60","11.45","1E-06","constant"
"round1_5epoch","lr1e-6","2","1","61","11.2383","1E-06","constant"
"round1_5epoch","lr1e-6","2","1","62","11.1531","1E-06","constant"
"round1_5epoch","lr1e-6","2","1","63","11.4031","1E-06","constant"
"round1_5epoch","lr1e-6","2","1","64","12.0782","1E-06","constant"
"round1_5epoch","lr1e-6","2","1","65","11.3498","1E-06","constant"
"round1_5epoch","lr1e-6","2","1","66","10.9483","1E-06","constant"
"round1_5epoch","lr1e-6","2","1","67","11.603","1E-06","constant"
"round1_5epoch","lr1e-6","2","1","68","11.3223","1E-06","constant"
"round1_5epoch","lr1e-6","2","1","69","11.9099","1E-06","constant"
"round1_5epoch","lr1e-6","2","1","70","11.6662","1E-06","constant"
"round1_5epoch","lr1e-6","2","1","71","11.5911","1E-06","constant"
"round1_5epoch","lr1e-6","2","1","72","10.9387","1E-06","constant"
"round1_5epoch","lr1e-6","2","1","73","10.8011","1E-06","constant"
"round1_5epoch","lr1e-6","2","1","74","10.8898","1E-06","constant"
"round1_5epoch","lr1e-6","2","1","75","11.504","1E-06","constant"
"round1_5epoch","lr1e-6","2","1","76","10.441","1E-06","constant"
"round1_5epoch","lr1e-6","2","1","77","11.4659","1E-06","constant"
"round1_5epoch","lr1e-6","2","1","78","11.6249","1E-06","constant"
"round1_5epoch","lr1e-6","2","1","79","11.7117","1E-06","constant"
"round1_5epoch","lr1e-6","2","1","80","11.6049","1E-06","constant"
"round1_5epoch","lr1e-6","2","1","81","11.0915","1E-06","constant"
"round1_5epoch","lr1e-6","2","1","82","10.7402","1E-06","constant"
"round1_5epoch","lr1e-6","2","1","83","11.618","1E-06","constant"
"round1_5epoch","lr1e-6","2","1","84","10.7816","1E-06","constant"
"round1_5epoch","lr1e-6","2","1","85","11.0628","1E-06","constant"
"round1_5epoch","lr1e-6","2","1","86","11.3432","1E-06","constant"
"round1_5epoch","lr1e-6","2","1","87","10.6663","1E-06","constant"
"round1_5epoch","lr1e-6","2","1","88","10.8777","1E-06","constant"
"round1_5epoch","lr1e-6","2","1","89","11.6941","1E-06","constant"
"round1_5epoch","lr1e-6","3","2","0","10.674","1E-06","constant"
"round1_5epoch","lr1e-6","3","2","1","10.9543","1E-06","constant"
"round1_5epoch","lr1e-6","3","2","2","10.4755","1E-06","constant"
"round1_5epoch","lr1e-6","3","2","3","11.5585","1E-06","constant"
"round1_5epoch","lr1e-6","3","2","4","10.8438","1E-06","constant"
"round1_5epoch","lr1e-6","3","2","5","10.4654","1E-06","constant"
"round1_5epoch","lr1e-6","3","2","6","11.5125","1E-06","constant"
"round1_5epoch","lr1e-6","3","2","7","10.7469","1E-06","constant"
"round1_5epoch","lr1e-6","3","2","8","10.3468","1E-06","constant"
"round1_5epoch","lr1e-6","3","2","9","11.0715","1E-06","constant"
"round1_5epoch","lr1e-6","3","2","10","11.5453","1E-06","constant"
"round1_5epoch","lr1e-6","3","2","11","10.9014","1E-06","constant"
"round1_5epoch","lr1e-6","3","2","12","11.2311","1E-06","constant"
"round1_5epoch","lr1e-6","3","2","13","10.3479","1E-06","constant"
"round1_5epoch","lr1e-6","3","2","14","10.7595","1E-06","constant"
"round1_5epoch","lr1e-6","3","2","15","10.7403","1E-06","constant"
"round1_5epoch","lr1e-6","3","2","16","10.3684","1E-06","constant"
"round1_5epoch","lr1e-6","3","2","17","10.4014","1E-06","constant"
"round1_5epoch","lr1e-6","3","2","18","10.9005","1E-06","constant"
"round1_5epoch","lr1e-6","3","2","19","10.7013","1E-06","constant"
"round1_5epoch","lr1e-6","3","2","20","10.0655","1E-06","constant"
"round1_5epoch","lr1e-6","3","2","21","10.214","1E-06","constant"
"round1_5epoch","lr1e-6","3","2","22","10.0597","1E-06","constant"
"round1_5epoch","lr1e-6","3","2","23","10.2239","1E-06","constant"
"round1_5epoch","lr1e-6","3","2","24","10.0466","1E-06","constant"
"round1_5epoch","lr1e-6","3","2","25","11.5486","1E-06","constant"
"round1_5epoch","lr1e-6","3","2","26","10.1557","1E-06","constant"
"round1_5epoch","lr1e-6","3","2","27","11.1128","1E-06","constant"
"round1_5epoch","lr1e-6","3","2","28","10.6932","1E-06","constant"
"round1_5epoch","lr1e-6","3","2","29","10.5536","1E-06","constant"
"round1_5epoch","lr1e-6","3","2","30","10.2234","1E-06","constant"
"round1_5epoch","lr1e-6","3","2","31","9.8589","1E-06","constant"
"round1_5epoch","lr1e-6","3","2","32","10.262","1E-06","constant"
"round1_5epoch","lr1e-6","3","2","33","10.8193","1E-06","constant"
"round1_5epoch","lr1e-6","3","2","34","10.011","1E-06","constant"
"round1_5epoch","lr1e-6","3","2","35","11.6688","1E-06","constant"
"round1_5epoch","lr1e-6","3","2","36","11.1037","1E-06","constant"
"round1_5epoch","lr1e-6","3","2","37","10.7146","1E-06","constant"
"round1_5epoch","lr1e-6","3","2","38","10.5774","1E-06","constant"
"round1_5epoch","lr1e-6","3","2","39","10.949","1E-06","constant"
"round1_5epoch","lr1e-6","3","2","40","10.8522","1E-06","constant"
"round1_5epoch","lr1e-6","3","2","41","10.8939","1E-06","constant"
"round1_5epoch","lr1e-6","3","2","42","10.594","1E-06","constant"
"round1_5epoch","lr1e-6","3","2","43","10.4613","1E-06","constant"
"round1_5epoch","lr1e-6","3","2","44","10.7197","1E-06","constant"
"round1_5epoch","lr1e-6","3","2","45","10.4701","1E-06","constant"
"round1_5epoch","lr1e-6","3","2","46","10.7524","1E-06","constant"
"round1_5epoch","lr1e-6","3","2","47","10.1792","1E-06","constant"
"round1_5epoch","lr1e-6","3","2","48","10.1143","1E-06","constant"
"round1_5epoch","lr1e-6","3","2","49","10.9452","1E-06","constant"
"round1_5epoch","lr1e-6","3","2","50","10.4574","1E-06","constant"
"round1_5epoch","lr1e-6","3","2","51","10.9554","1E-06","constant"
"round1_5epoch","lr1e-6","3","2","52","10.6096","1E-06","constant"
"round1_5epoch","lr1e-6","3","2","53","10.3442","1E-06","constant"
"round1_5epoch","lr1e-6","3","2","54","10.6067","1E-06","constant"
"round1_5epoch","lr1e-6","3","2","55","10.4386","1E-06","constant"
"round1_5epoch","lr1e-6","3","2","56","10.5087","1E-06","constant"
"round1_5epoch","lr1e-6","3","2","57","9.9527","1E-06","constant"
"round1_5epoch","lr1e-6","3","2","58","10.5619","1E-06","constant"
"round1_5epoch","lr1e-6","3","2","59","10.6382","1E-06","constant"
"round1_5epoch","lr1e-6","3","2","60","10.2241","1E-06","constant"
"round1_5epoch","lr1e-6","3","2","61","10.8156","1E-06","constant"
"round1_5epoch","lr1e-6","3","2","62","10.5714","1E-06","constant"
"round1_5epoch","lr1e-6","3","2","63","10.0929","1E-06","constant"
"round1_5epoch","lr1e-6","3","2","64","10.2898","1E-06","constant"
"round1_5epoch","lr1e-6","3","2","65","9.8145","1E-06","constant"
"round1_5epoch","lr1e-6","3","2","66","10.5225","1E-06","constant"
"round1_5epoch","lr1e-6","3","2","67","10.8272","1E-06","constant"
"round1_5epoch","lr1e-6","3","2","68","10.3749","1E-06","constant"
"round1_5epoch","lr1e-6","3","2","69","10.1482","1E-06","constant"
"round1_5epoch","lr1e-6","3","2","70","9.7803","1E-06","constant"
"round1_5epoch","lr1e-6","3","2","71","9.9371","1E-06","constant"
"round1_5epoch","lr1e-6","3","2","72","10.5126","1E-06","constant"
"round1_5epoch","lr1e-6","3","2","73","10.3985","1E-06","constant"
"round1_5epoch","lr1e-6","3","2","74","10.5925","1E-06","constant"
"round1_5epoch","lr1e-6","3","2","75","10.655","1E-06","constant"
"round1_5epoch","lr1e-6","3","2","76","9.9391","1E-06","constant"
"round1_5epoch","lr1e-6","3","2","77","10.0554","1E-06","constant"
"round1_5epoch","lr1e-6","3","2","78","9.4089","1E-06","constant"
"round1_5epoch","lr1e-6","3","2","79","9.5015","1E-06","constant"
"round1_5epoch","lr1e-6","3","2","80","9.4306","1E-06","constant"
"round1_5epoch","lr1e-6","3","2","81","9.6254","1E-06","constant"
"round1_5epoch","lr1e-6","3","2","82","10.0972","1E-06","constant"
"round1_5epoch","lr1e-6","3","2","83","10.0368","1E-06","constant"
"round1_5epoch","lr1e-6","3","2","84","10.2958","1E-06","constant"
"round1_5epoch","lr1e-6","3","2","85","10.2536","1E-06","constant"
"round1_5epoch","lr1e-6","3","2","86","10.2745","1E-06","constant"
"round1_5epoch","lr1e-6","3","2","87","10.3332","1E-06","constant"
"round1_5epoch","lr1e-6","3","2","88","9.6524","1E-06","constant"
"round1_5epoch","lr1e-6","3","2","89","9.7499","1E-06","constant"
"round1_5epoch","lr1e-6","4","3","0","9.5854","1E-06","constant"
"round1_5epoch","lr1e-6","4","3","1","10.2106","1E-06","constant"
"round1_5epoch","lr1e-6","4","3","2","9.6027","1E-06","constant"
"round1_5epoch","lr1e-6","4","3","3","9.5311","1E-06","constant"
"round1_5epoch","lr1e-6","4","3","4","10.1674","1E-06","constant"
"round1_5epoch","lr1e-6","4","3","5","10.1147","1E-06","constant"
"round1_5epoch","lr1e-6","4","3","6","9.8504","1E-06","constant"
"round1_5epoch","lr1e-6","4","3","7","9.5014","1E-06","constant"
"round1_5epoch","lr1e-6","4","3","8","9.8727","1E-06","constant"
"round1_5epoch","lr1e-6","4","3","9","10.4905","1E-06","constant"
"round1_5epoch","lr1e-6","4","3","10","9.9211","1E-06","constant"
"round1_5epoch","lr1e-6","4","3","11","9.9015","1E-06","constant"
"round1_5epoch","lr1e-6","4","3","12","9.8678","1E-06","constant"
"round1_5epoch","lr1e-6","4","3","13","9.5043","1E-06","constant"
"round1_5epoch","lr1e-6","4","3","14","10.2326","1E-06","constant"
"round1_5epoch","lr1e-6","4","3","15","9.4883","1E-06","constant"
"round1_5epoch","lr1e-6","4","3","16","9.5189","1E-06","constant"
"round1_5epoch","lr1e-6","4","3","17","9.5777","1E-06","constant"
"round1_5epoch","lr1e-6","4","3","18","9.4258","1E-06","constant"
"round1_5epoch","lr1e-6","4","3","19","9.4475","1E-06","constant"
"round1_5epoch","lr1e-6","4","3","20","9.6735","1E-06","constant"
"round1_5epoch","lr1e-6","4","3","21","10.0681","1E-06","constant"
"round1_5epoch","lr1e-6","4","3","22","10.0691","1E-06","constant"
"round1_5epoch","lr1e-6","4","3","23","9.9579","1E-06","constant"
"round1_5epoch","lr1e-6","4","3","24","9.9663","1E-06","constant"
"round1_5epoch","lr1e-6","4","3","25","10.4458","1E-06","constant"
"round1_5epoch","lr1e-6","4","3","26","8.8996","1E-06","constant"
"round1_5epoch","lr1e-6","4","3","27","10.0884","1E-06","constant"
"round1_5epoch","lr1e-6","4","3","28","9.4731","1E-06","constant"
"round1_5epoch","lr1e-6","4","3","29","10.4663","1E-06","constant"
"round1_5epoch","lr1e-6","4","3","30","9.9749","1E-06","constant"
"round1_5epoch","lr1e-6","4","3","31","9.5469","1E-06","constant"
"round1_5epoch","lr1e-6","4","3","32","9.9486","1E-06","constant"
"round1_5epoch","lr1e-6","4","3","33","9.6799","1E-06","constant"
"round1_5epoch","lr1e-6","4","3","34","9.7927","1E-06","constant"
"round1_5epoch","lr1e-6","4","3","35","9.4128","1E-06","constant"
"round1_5epoch","lr1e-6","4","3","36","9.5798","1E-06","constant"
"round1_5epoch","lr1e-6","4","3","37","8.7746","1E-06","constant"
"round1_5epoch","lr1e-6","4","3","38","9.7183","1E-06","constant"
"round1_5epoch","lr1e-6","4","3","39","9.9449","1E-06","constant"
"round1_5epoch","lr1e-6","4","3","40","9.4308","1E-06","constant"
"round1_5epoch","lr1e-6","4","3","41","9.8745","1E-06","constant"
"round1_5epoch","lr1e-6","4","3","42","9.9392","1E-06","constant"
"round1_5epoch","lr1e-6","4","3","43","10.2543","1E-06","constant"
"round1_5epoch","lr1e-6","4","3","44","9.4222","1E-06","constant"
"round1_5epoch","lr1e-6","4","3","45","9.8446","1E-06","constant"
"round1_5epoch","lr1e-6","4","3","46","9.7393","1E-06","constant"
"round1_5epoch","lr1e-6","4","3","47","9.6156","1E-06","constant"
"round1_5epoch","lr1e-6","4","3","48","10.0008","1E-06","constant"
"round1_5epoch","lr1e-6","4","3","49","9.8131","1E-06","constant"
"round1_5epoch","lr1e-6","4","3","50","9.9121","1E-06","constant"
"round1_5epoch","lr1e-6","4","3","51","10.2398","1E-06","constant"
"round1_5epoch","lr1e-6","4","3","52","9.8111","1E-06","constant"
"round1_5epoch","lr1e-6","4","3","53","8.9845","1E-06","constant"
"round1_5epoch","lr1e-6","4","3","54","9.9291","1E-06","constant"
"round1_5epoch","lr1e-6","4","3","55","9.4808","1E-06","constant"
"round1_5epoch","lr1e-6","4","3","56","9.4311","1E-06","constant"
"round1_5epoch","lr1e-6","4","3","57","9.3328","1E-06","constant"
"round1_5epoch","lr1e-6","4","3","58","9.7913","1E-06","constant"
"round1_5epoch","lr1e-6","4","3","59","9.7419","1E-06","constant"
"round1_5epoch","lr1e-6","4","3","60","9.8684","1E-06","constant"
"round1_5epoch","lr1e-6","4","3","61","9.0732","1E-06","constant"
"round1_5epoch","lr1e-6","4","3","62","8.7571","1E-06","constant"
"round1_5epoch","lr1e-6","4","3","63","9.7926","1E-06","constant"
"round1_5epoch","lr1e-6","4","3","64","9.5787","1E-06","constant"
"round1_5epoch","lr1e-6","4","3","65","9.4054","1E-06","constant"
"round1_5epoch","lr1e-6","4","3","66","9.3164","1E-06","constant"
"round1_5epoch","lr1e-6","4","3","67","9.3711","1E-06","constant"
"round1_5epoch","lr1e-6","4","3","68","9.3901","1E-06","constant"
"round1_5epoch","lr1e-6","4","3","69","9.8166","1E-06","constant"
"round1_5epoch","lr1e-6","4","3","70","10.3848","1E-06","constant"
"round1_5epoch","lr1e-6","4","3","71","9.5124","1E-06","constant"
"round1_5epoch","lr1e-6","4","3","72","9.134","1E-06","constant"
"round1_5epoch","lr1e-6","4","3","73","9.5583","1E-06","constant"
"round1_5epoch","lr1e-6","4","3","74","9.6804","1E-06","constant"
"round1_5epoch","lr1e-6","4","3","75","9.5617","1E-06","constant"
"round1_5epoch","lr1e-6","4","3","76","9.0073","1E-06","constant"
"round1_5epoch","lr1e-6","4","3","77","9.3165","1E-06","constant"
"round1_5epoch","lr1e-6","4","3","78","9.992","1E-06","constant"
"round1_5epoch","lr1e-6","4","3","79","9.3098","1E-06","constant"
"round1_5epoch","lr1e-6","4","3","80","9.2478","1E-06","constant"
"round1_5epoch","lr1e-6","4","3","81","9.6724","1E-06","constant"
"round1_5epoch","lr1e-6","4","3","82","9.7517","1E-06","constant"
"round1_5epoch","lr1e-6","4","3","83","8.9403","1E-06","constant"
"round1_5epoch","lr1e-6","4","3","84","8.8549","1E-06","constant"
"round1_5epoch","lr1e-6","4","3","85","9.4174","1E-06","constant"
"round1_5epoch","lr1e-6","4","3","86","9.3742","1E-06","constant"
"round1_5epoch","lr1e-6","4","3","87","9.4293","1E-06","constant"
"round1_5epoch","lr1e-6","4","3","88","9.5385","1E-06","constant"
"round1_5epoch","lr1e-6","4","3","89","9.8029","1E-06","constant"
"round1_5epoch","lr1e-6","5","4","0","9.2986","1E-06","constant"
"round1_5epoch","lr1e-6","5","4","1","9.0134","1E-06","constant"
"round1_5epoch","lr1e-6","5","4","2","9.3326","1E-06","constant"
"round1_5epoch","lr1e-6","5","4","3","8.9763","1E-06","constant"
"round1_5epoch","lr1e-6","5","4","4","9.4854","1E-06","constant"
"round1_5epoch","lr1e-6","5","4","5","8.7887","1E-06","constant"
"round1_5epoch","lr1e-6","5","4","6","8.911","1E-06","constant"
"round1_5epoch","lr1e-6","5","4","7","9.617","1E-06","constant"
"round1_5epoch","lr1e-6","5","4","8","8.6105","1E-06","constant"
"round1_5epoch","lr1e-6","5","4","9","8.7619","1E-06","constant"
"round1_5epoch","lr1e-6","5","4","10","9.6093","1E-06","constant"
"round1_5epoch","lr1e-6","5","4","11","9.856","1E-06","constant"
"round1_5epoch","lr1e-6","5","4","12","9.3318","1E-06","constant"
"round1_5epoch","lr1e-6","5","4","13","9.9101","1E-06","constant"
"round1_5epoch","lr1e-6","5","4","14","9.3082","1E-06","constant"
"round1_5epoch","lr1e-6","5","4","15","9.3615","1E-06","constant"
"round1_5epoch","lr1e-6","5","4","16","8.9703","1E-06","constant"
"round1_5epoch","lr1e-6","5","4","17","8.6864","1E-06","constant"
"round1_5epoch","lr1e-6","5","4","18","9.5469","1E-06","constant"
"round1_5epoch","lr1e-6","5","4","19","9.2852","1E-06","constant"
"round1_5epoch","lr1e-6","5","4","20","9.3377","1E-06","constant"
"round1_5epoch","lr1e-6","5","4","21","9.3516","1E-06","constant"
"round1_5epoch","lr1e-6","5","4","22","8.9089","1E-06","constant"
"round1_5epoch","lr1e-6","5","4","23","9.3039","1E-06","constant"
"round1_5epoch","lr1e-6","5","4","24","9.2543","1E-06","constant"
"round1_5epoch","lr1e-6","5","4","25","9.464","1E-06","constant"
"round1_5epoch","lr1e-6","5","4","26","9.154","1E-06","constant"
"round1_5epoch","lr1e-6","5","4","27","9.6131","1E-06","constant"
"round1_5epoch","lr1e-6","5","4","28","9.0832","1E-06","constant"
"round1_5epoch","lr1e-6","5","4","29","9.2867","1E-06","constant"
"round1_5epoch","lr1e-6","5","4","30","9.1649","1E-06","constant"
"round1_5epoch","lr1e-6","5","4","31","8.7632","1E-06","constant"
"round1_5epoch","lr1e-6","5","4","32","9.1759","1E-06","constant"
"round1_5epoch","lr1e-6","5","4","33","8.8107","1E-06","constant"
"round1_5epoch","lr1e-6","5","4","34","9.9676","1E-06","constant"
"round1_5epoch","lr1e-6","5","4","35","9.6864","1E-06","constant"
"round1_5epoch","lr1e-6","5","4","36","9.0986","1E-06","constant"
"round1_5epoch","lr1e-6","5","4","37","9.0742","1E-06","constant"
"round1_5epoch","lr1e-6","5","4","38","8.5895","1E-06","constant"
"round1_5epoch","lr1e-6","5","4","39","8.9425","1E-06","constant"
"round1_5epoch","lr1e-6","5","4","40","9.5227","1E-06","constant"
"round1_5epoch","lr1e-6","5","4","41","9.0684","1E-06","constant"
"round1_5epoch","lr1e-6","5","4","42","8.8703","1E-06","constant"
"round1_5epoch","lr1e-6","5","4","43","9.3838","1E-06","constant"
"round1_5epoch","lr1e-6","5","4","44","9.2451","1E-06","constant"
"round1_5epoch","lr1e-6","5","4","45","9.1466","1E-06","constant"
"round1_5epoch","lr1e-6","5","4","46","9.0179","1E-06","constant"
"round1_5epoch","lr1e-6","5","4","47","8.9508","1E-06","constant"
"round1_5epoch","lr1e-6","5","4","48","9.4899","1E-06","constant"
"round1_5epoch","lr1e-6","5","4","49","8.6154","1E-06","constant"
"round1_5epoch","lr1e-6","5","4","50","9.3627","1E-06","constant"
"round1_5epoch","lr1e-6","5","4","51","9.2698","1E-06","constant"
"round1_5epoch","lr1e-6","5","4","52","9.296","1E-06","constant"
"round1_5epoch","lr1e-6","5","4","53","8.8971","1E-06","constant"
"round1_5epoch","lr1e-6","5","4","54","9.5666","1E-06","constant"
"round1_5epoch","lr1e-6","5","4","55","9.3626","1E-06","constant"
"round1_5epoch","lr1e-6","5","4","56","9.1946","1E-06","constant"
"round1_5epoch","lr1e-6","5","4","57","9.5069","1E-06","constant"
"round1_5epoch","lr1e-6","5","4","58","9.139","1E-06","constant"
"round1_5epoch","lr1e-6","5","4","59","9.7152","1E-06","constant"
"round1_5epoch","lr1e-6","5","4","60","9.3752","1E-06","constant"
"round1_5epoch","lr1e-6","5","4","61","8.7323","1E-06","constant"
"round1_5epoch","lr1e-6","5","4","62","9.3652","1E-06","constant"
"round1_5epoch","lr1e-6","5","4","63","9.2887","1E-06","constant"
"round1_5epoch","lr1e-6","5","4","64","8.9484","1E-06","constant"
"round1_5epoch","lr1e-6","5","4","65","8.7982","1E-06","constant"
"round1_5epoch","lr1e-6","5","4","66","9.0622","1E-06","constant"
"round1_5epoch","lr1e-6","5","4","67","8.8459","1E-06","constant"
"round1_5epoch","lr1e-6","5","4","68","8.6591","1E-06","constant"
"round1_5epoch","lr1e-6","5","4","69","9.0721","1E-06","constant"
"round1_5epoch","lr1e-6","5","4","70","9.5402","1E-06","constant"
"round1_5epoch","lr1e-6","5","4","71","9.1902","1E-06","constant"
"round1_5epoch","lr1e-6","5","4","72","8.663","1E-06","constant"
"round1_5epoch","lr1e-6","5","4","73","8.9675","1E-06","constant"
"round1_5epoch","lr1e-6","5","4","74","9.1183","1E-06","constant"
"round1_5epoch","lr1e-6","5","4","75","8.9363","1E-06","constant"
"round1_5epoch","lr1e-6","5","4","76","8.2718","1E-06","constant"
"round1_5epoch","lr1e-6","5","4","77","9.2016","1E-06","constant"
"round1_5epoch","lr1e-6","5","4","78","9.4381","1E-06","constant"
"round1_5epoch","lr1e-6","5","4","79","8.1306","1E-06","constant"
"round1_5epoch","lr1e-6","5","4","80","8.6683","1E-06","constant"
"round1_5epoch","lr1e-6","5","4","81","8.466","1E-06","constant"
"round1_5epoch","lr1e-6","5","4","82","8.705","1E-06","constant"
"round1_5epoch","lr1e-6","5","4","83","8.8943","1E-06","constant"
"round1_5epoch","lr1e-6","5","4","84","9.2415","1E-06","constant"
"round1_5epoch","lr1e-6","5","4","85","9.3825","1E-06","constant"
"round1_5epoch","lr1e-6","5","4","86","8.7389","1E-06","constant"
"round1_5epoch","lr1e-6","5","4","87","8.9165","1E-06","constant"
"round1_5epoch","lr1e-6","5","4","88","9.0485","1E-06","constant"
"round1_5epoch","lr1e-6","5","4","89","9.3212","1E-06","constant"
"round1_5epoch","lr2e-6","1","0","0","15.1341","2E-06","constant"
"round1_5epoch","lr2e-6","1","0","1","15.0652","2E-06","constant"
"round1_5epoch","lr2e-6","1","0","2","14.6685","2E-06","constant"
"round1_5epoch","lr2e-6","1","0","3","14.7097","2E-06","constant"
"round1_5epoch","lr2e-6","1","0","4","13.5728","2E-06","constant"
"round1_5epoch","lr2e-6","1","0","5","14.4507","2E-06","constant"
"round1_5epoch","lr2e-6","1","0","6","13.4237","2E-06","constant"
"round1_5epoch","lr2e-6","1","0","7","13.825","2E-06","constant"
"round1_5epoch","lr2e-6","1","0","8","13.4471","2E-06","constant"
"round1_5epoch","lr2e-6","1","0","9","13.4982","2E-06","constant"
"round1_5epoch","lr2e-6","1","0","10","12.9194","2E-06","constant"
"round1_5epoch","lr2e-6","1","0","11","13.3035","2E-06","constant"
"round1_5epoch","lr2e-6","1","0","12","13.0975","2E-06","constant"
"round1_5epoch","lr2e-6","1","0","13","13.5391","2E-06","constant"
"round1_5epoch","lr2e-6","1","0","14","13.9165","2E-06","constant"
"round1_5epoch","lr2e-6","1","0","15","12.5257","2E-06","constant"
"round1_5epoch","lr2e-6","1","0","16","13.2615","2E-06","constant"
"round1_5epoch","lr2e-6","1","0","17","12.6945","2E-06","constant"
"round1_5epoch","lr2e-6","1","0","18","13.2273","2E-06","constant"
"round1_5epoch","lr2e-6","1","0","19","12.4544","2E-06","constant"
"round1_5epoch","lr2e-6","1","0","20","11.8557","2E-06","constant"
"round1_5epoch","lr2e-6","1","0","21","12.4576","2E-06","constant"
"round1_5epoch","lr2e-6","1","0","22","12.0767","2E-06","constant"
"round1_5epoch","lr2e-6","1","0","23","12.9558","2E-06","constant"
"round1_5epoch","lr2e-6","1","0","24","12.1895","2E-06","constant"
"round1_5epoch","lr2e-6","1","0","25","12.4361","2E-06","constant"
"round1_5epoch","lr2e-6","1","0","26","12.4408","2E-06","constant"
"round1_5epoch","lr2e-6","1","0","27","12.4538","2E-06","constant"
"round1_5epoch","lr2e-6","1","0","28","11.6343","2E-06","constant"
"round1_5epoch","lr2e-6","1","0","29","11.2791","2E-06","constant"
"round1_5epoch","lr2e-6","1","0","30","12.4357","2E-06","constant"
"round1_5epoch","lr2e-6","1","0","31","11.4824","2E-06","constant"
"round1_5epoch","lr2e-6","1","0","32","11.5373","2E-06","constant"
"round1_5epoch","lr2e-6","1","0","33","11.2065","2E-06","constant"
"round1_5epoch","lr2e-6","1","0","34","11.302","2E-06","constant"
"round1_5epoch","lr2e-6","1","0","35","12.0222","2E-06","constant"
"round1_5epoch","lr2e-6","1","0","36","11.4832","2E-06","constant"
"round1_5epoch","lr2e-6","1","0","37","11.444","2E-06","constant"
"round1_5epoch","lr2e-6","1","0","38","11.8727","2E-06","constant"
"round1_5epoch","lr2e-6","1","0","39","11.189","2E-06","constant"
"round1_5epoch","lr2e-6","1","0","40","10.7621","2E-06","constant"
"round1_5epoch","lr2e-6","1","0","41","11.4332","2E-06","constant"
"round1_5epoch","lr2e-6","1","0","42","11.2969","2E-06","constant"
"round1_5epoch","lr2e-6","1","0","43","11.049","2E-06","constant"
"round1_5epoch","lr2e-6","1","0","44","11.4737","2E-06","constant"
"round1_5epoch","lr2e-6","1","0","45","11.2507","2E-06","constant"
"round1_5epoch","lr2e-6","1","0","46","11.7818","2E-06","constant"
"round1_5epoch","lr2e-6","1","0","47","11.2027","2E-06","constant"
"round1_5epoch","lr2e-6","1","0","48","11.0492","2E-06","constant"
"round1_5epoch","lr2e-6","1","0","49","10.5754","2E-06","constant"
"round1_5epoch","lr2e-6","1","0","50","10.6358","2E-06","constant"
"round1_5epoch","lr2e-6","1","0","51","11.0507","2E-06","constant"
"round1_5epoch","lr2e-6","1","0","52","10.8557","2E-06","constant"
"round1_5epoch","lr2e-6","1","0","53","11.1676","2E-06","constant"
"round1_5epoch","lr2e-6","1","0","54","11.3819","2E-06","constant"
"round1_5epoch","lr2e-6","1","0","55","10.7558","2E-06","constant"
"round1_5epoch","lr2e-6","1","0","56","11.2284","2E-06","constant"
"round1_5epoch","lr2e-6","1","0","57","10.8403","2E-06","constant"
"round1_5epoch","lr2e-6","1","0","58","10.3358","2E-06","constant"
"round1_5epoch","lr2e-6","1","0","59","11.3342","2E-06","constant"
"round1_5epoch","lr2e-6","1","0","60","10.5704","2E-06","constant"
"round1_5epoch","lr2e-6","1","0","61","11.2208","2E-06","constant"
"round1_5epoch","lr2e-6","1","0","62","10.8104","2E-06","constant"
"round1_5epoch","lr2e-6","1","0","63","10.4214","2E-06","constant"
"round1_5epoch","lr2e-6","1","0","64","10.5724","2E-06","constant"
"round1_5epoch","lr2e-6","1","0","65","10.8681","2E-06","constant"
"round1_5epoch","lr2e-6","1","0","66","10.2226","2E-06","constant"
"round1_5epoch","lr2e-6","1","0","67","10.0649","2E-06","constant"
"round1_5epoch","lr2e-6","1","0","68","9.9945","2E-06","constant"
"round1_5epoch","lr2e-6","1","0","69","9.9641","2E-06","constant"
"round1_5epoch","lr2e-6","1","0","70","10.5374","2E-06","constant"
"round1_5epoch","lr2e-6","1","0","71","9.7362","2E-06","constant"
"round1_5epoch","lr2e-6","1","0","72","9.8797","2E-06","constant"
"round1_5epoch","lr2e-6","1","0","73","10.5076","2E-06","constant"
"round1_5epoch","lr2e-6","1","0","74","10.0225","2E-06","constant"
"round1_5epoch","lr2e-6","1","0","75","10.9494","2E-06","constant"
"round1_5epoch","lr2e-6","1","0","76","9.7266","2E-06","constant"
"round1_5epoch","lr2e-6","1","0","77","10.1603","2E-06","constant"
"round1_5epoch","lr2e-6","1","0","78","10.0888","2E-06","constant"
"round1_5epoch","lr2e-6","1","0","79","9.5346","2E-06","constant"
"round1_5epoch","lr2e-6","1","0","80","9.4606","2E-06","constant"
"round1_5epoch","lr2e-6","1","0","81","9.4782","2E-06","constant"
"round1_5epoch","lr2e-6","1","0","82","9.7635","2E-06","constant"
"round1_5epoch","lr2e-6","1","0","83","10.0144","2E-06","constant"
"round1_5epoch","lr2e-6","1","0","84","9.6219","2E-06","constant"
"round1_5epoch","lr2e-6","1","0","85","9.5542","2E-06","constant"
"round1_5epoch","lr2e-6","1","0","86","10.2197","2E-06","constant"
"round1_5epoch","lr2e-6","1","0","87","9.2147","2E-06","constant"
"round1_5epoch","lr2e-6","1","0","88","9.6721","2E-06","constant"
"round1_5epoch","lr2e-6","1","0","89","9.7706","2E-06","constant"
"round1_5epoch","lr2e-6","2","1","0","9.3783","2E-06","constant"
"round1_5epoch","lr2e-6","2","1","1","9.6789","2E-06","constant"
"round1_5epoch","lr2e-6","2","1","2","9.2442","2E-06","constant"
"round1_5epoch","lr2e-6","2","1","3","9.1393","2E-06","constant"
"round1_5epoch","lr2e-6","2","1","4","9.2602","2E-06","constant"
"round1_5epoch","lr2e-6","2","1","5","9.9055","2E-06","constant"
"round1_5epoch","lr2e-6","2","1","6","8.7505","2E-06","constant"
"round1_5epoch","lr2e-6","2","1","7","9.8469","2E-06","constant"
"round1_5epoch","lr2e-6","2","1","8","8.8607","2E-06","constant"
"round1_5epoch","lr2e-6","2","1","9","9.4216","2E-06","constant"
"round1_5epoch","lr2e-6","2","1","10","9.492","2E-06","constant"
"round1_5epoch","lr2e-6","2","1","11","9.281","2E-06","constant"
"round1_5epoch","lr2e-6","2","1","12","9.4303","2E-06","constant"
"round1_5epoch","lr2e-6","2","1","13","9.0245","2E-06","constant"
"round1_5epoch","lr2e-6","2","1","14","9.3056","2E-06","constant"
"round1_5epoch","lr2e-6","2","1","15","9.2317","2E-06","constant"
"round1_5epoch","lr2e-6","2","1","16","8.9713","2E-06","constant"
"round1_5epoch","lr2e-6","2","1","17","9.0715","2E-06","constant"
"round1_5epoch","lr2e-6","2","1","18","8.9374","2E-06","constant"
"round1_5epoch","lr2e-6","2","1","19","8.8929","2E-06","constant"
"round1_5epoch","lr2e-6","2","1","20","9.1313","2E-06","constant"
"round1_5epoch","lr2e-6","2","1","21","9.4374","2E-06","constant"
"round1_5epoch","lr2e-6","2","1","22","9.1098","2E-06","constant"
"round1_5epoch","lr2e-6","2","1","23","8.879","2E-06","constant"
"round1_5epoch","lr2e-6","2","1","24","9.3388","2E-06","constant"
"round1_5epoch","lr2e-6","2","1","25","9.0285","2E-06","constant"
"round1_5epoch","lr2e-6","2","1","26","8.6478","2E-06","constant"
"round1_5epoch","lr2e-6","2","1","27","8.8423","2E-06","constant"
"round1_5epoch","lr2e-6","2","1","28","8.7149","2E-06","constant"
"round1_5epoch","lr2e-6","2","1","29","8.3614","2E-06","constant"
"round1_5epoch","lr2e-6","2","1","30","8.4929","2E-06","constant"
"round1_5epoch","lr2e-6","2","1","31","9.0827","2E-06","constant"
"round1_5epoch","lr2e-6","2","1","32","8.9521","2E-06","constant"
"round1_5epoch","lr2e-6","2","1","33","9.2094","2E-06","constant"
"round1_5epoch","lr2e-6","2","1","34","9.0724","2E-06","constant"
"round1_5epoch","lr2e-6","2","1","35","9.4758","2E-06","constant"
"round1_5epoch","lr2e-6","2","1","36","8.343","2E-06","constant"
"round1_5epoch","lr2e-6","2","1","37","8.5992","2E-06","constant"
"round1_5epoch","lr2e-6","2","1","38","8.4428","2E-06","constant"
"round1_5epoch","lr2e-6","2","1","39","8.7629","2E-06","constant"
"round1_5epoch","lr2e-6","2","1","40","9.0054","2E-06","constant"
"round1_5epoch","lr2e-6","2","1","41","8.6233","2E-06","constant"
"round1_5epoch","lr2e-6","2","1","42","9.0491","2E-06","constant"
"round1_5epoch","lr2e-6","2","1","43","9.191","2E-06","constant"
"round1_5epoch","lr2e-6","2","1","44","8.5385","2E-06","constant"
"round1_5epoch","lr2e-6","2","1","45","8.6625","2E-06","constant"
"round1_5epoch","lr2e-6","2","1","46","9.1143","2E-06","constant"
"round1_5epoch","lr2e-6","2","1","47","8.4541","2E-06","constant"
"round1_5epoch","lr2e-6","2","1","48","8.7062","2E-06","constant"
"round1_5epoch","lr2e-6","2","1","49","8.755","2E-06","constant"
"round1_5epoch","lr2e-6","2","1","50","9.129","2E-06","constant"
"round1_5epoch","lr2e-6","2","1","51","8.96","2E-06","constant"
"round1_5epoch","lr2e-6","2","1","52","8.8155","2E-06","constant"
"round1_5epoch","lr2e-6","2","1","53","8.9482","2E-06","constant"
"round1_5epoch","lr2e-6","2","1","54","8.9576","2E-06","constant"
"round1_5epoch","lr2e-6","2","1","55","8.4955","2E-06","constant"
"round1_5epoch","lr2e-6","2","1","56","7.995","2E-06","constant"
"round1_5epoch","lr2e-6","2","1","57","8.3272","2E-06","constant"
"round1_5epoch","lr2e-6","2","1","58","8.4223","2E-06","constant"
"round1_5epoch","lr2e-6","2","1","59","8.9511","2E-06","constant"
"round1_5epoch","lr2e-6","2","1","60","8.4531","2E-06","constant"
"round1_5epoch","lr2e-6","2","1","61","8.5089","2E-06","constant"
"round1_5epoch","lr2e-6","2","1","62","8.3032","2E-06","constant"
"round1_5epoch","lr2e-6","2","1","63","8.2688","2E-06","constant"
"round1_5epoch","lr2e-6","2","1","64","8.7951","2E-06","constant"
"round1_5epoch","lr2e-6","2","1","65","8.5008","2E-06","constant"
"round1_5epoch","lr2e-6","2","1","66","7.9749","2E-06","constant"
"round1_5epoch","lr2e-6","2","1","67","8.4027","2E-06","constant"
"round1_5epoch","lr2e-6","2","1","68","8.2815","2E-06","constant"
"round1_5epoch","lr2e-6","2","1","69","8.7011","2E-06","constant"
"round1_5epoch","lr2e-6","2","1","70","8.6793","2E-06","constant"
"round1_5epoch","lr2e-6","2","1","71","8.7958","2E-06","constant"
"round1_5epoch","lr2e-6","2","1","72","8.1766","2E-06","constant"
"round1_5epoch","lr2e-6","2","1","73","7.7803","2E-06","constant"
"round1_5epoch","lr2e-6","2","1","74","7.8893","2E-06","constant"
"round1_5epoch","lr2e-6","2","1","75","8.3987","2E-06","constant"
"round1_5epoch","lr2e-6","2","1","76","8.1527","2E-06","constant"
"round1_5epoch","lr2e-6","2","1","77","8.5886","2E-06","constant"
"round1_5epoch","lr2e-6","2","1","78","8.6276","2E-06","constant"
"round1_5epoch","lr2e-6","2","1","79","8.6237","2E-06","constant"
"round1_5epoch","lr2e-6","2","1","80","8.9197","2E-06","constant"
"round1_5epoch","lr2e-6","2","1","81","8.318","2E-06","constant"
"round1_5epoch","lr2e-6","2","1","82","8.0462","2E-06","constant"
"round1_5epoch","lr2e-6","2","1","83","8.6459","2E-06","constant"
"round1_5epoch","lr2e-6","2","1","84","7.7768","2E-06","constant"
"round1_5epoch","lr2e-6","2","1","85","8.2649","2E-06","constant"
"round1_5epoch","lr2e-6","2","1","86","8.2499","2E-06","constant"
"round1_5epoch","lr2e-6","2","1","87","8.0207","2E-06","constant"
"round1_5epoch","lr2e-6","2","1","88","7.8016","2E-06","constant"
"round1_5epoch","lr2e-6","2","1","89","8.6683","2E-06","constant"
"round1_5epoch","lr2e-6","3","2","0","8.1385","2E-06","constant"
"round1_5epoch","lr2e-6","3","2","1","8.1438","2E-06","constant"
"round1_5epoch","lr2e-6","3","2","2","7.8272","2E-06","constant"
"round1_5epoch","lr2e-6","3","2","3","8.4542","2E-06","constant"
"round1_5epoch","lr2e-6","3","2","4","8.0924","2E-06","constant"
"round1_5epoch","lr2e-6","3","2","5","8.0357","2E-06","constant"
"round1_5epoch","lr2e-6","3","2","6","8.4558","2E-06","constant"
"round1_5epoch","lr2e-6","3","2","7","8.2374","2E-06","constant"
"round1_5epoch","lr2e-6","3","2","8","8.0212","2E-06","constant"
"round1_5epoch","lr2e-6","3","2","9","8.4647","2E-06","constant"
"round1_5epoch","lr2e-6","3","2","10","8.6815","2E-06","constant"
"round1_5epoch","lr2e-6","3","2","11","8.3094","2E-06","constant"
"round1_5epoch","lr2e-6","3","2","12","8.4289","2E-06","constant"
"round1_5epoch","lr2e-6","3","2","13","8.0781","2E-06","constant"
"round1_5epoch","lr2e-6","3","2","14","7.7413","2E-06","constant"
"round1_5epoch","lr2e-6","3","2","15","8.1187","2E-06","constant"
"round1_5epoch","lr2e-6","3","2","16","7.8133","2E-06","constant"
"round1_5epoch","lr2e-6","3","2","17","7.6446","2E-06","constant"
"round1_5epoch","lr2e-6","3","2","18","8.038","2E-06","constant"
"round1_5epoch","lr2e-6","3","2","19","7.9982","2E-06","constant"
"round1_5epoch","lr2e-6","3","2","20","7.3281","2E-06","constant"
"round1_5epoch","lr2e-6","3","2","21","7.7577","2E-06","constant"
"round1_5epoch","lr2e-6","3","2","22","7.2591","2E-06","constant"
"round1_5epoch","lr2e-6","3","2","23","7.5372","2E-06","constant"
"round1_5epoch","lr2e-6","3","2","24","7.0505","2E-06","constant"
"round1_5epoch","lr2e-6","3","2","25","8.4803","2E-06","constant"
"round1_5epoch","lr2e-6","3","2","26","7.5115","2E-06","constant"
"round1_5epoch","lr2e-6","3","2","27","8.2903","2E-06","constant"
"round1_5epoch","lr2e-6","3","2","28","8.275","2E-06","constant"
"round1_5epoch","lr2e-6","3","2","29","7.8568","2E-06","constant"
"round1_5epoch","lr2e-6","3","2","30","7.4977","2E-06","constant"
"round1_5epoch","lr2e-6","3","2","31","7.3321","2E-06","constant"
"round1_5epoch","lr2e-6","3","2","32","7.5956","2E-06","constant"
"round1_5epoch","lr2e-6","3","2","33","8.076","2E-06","constant"
"round1_5epoch","lr2e-6","3","2","34","7.2307","2E-06","constant"
"round1_5epoch","lr2e-6","3","2","35","8.6784","2E-06","constant"
"round1_5epoch","lr2e-6","3","2","36","8.3588","2E-06","constant"
"round1_5epoch","lr2e-6","3","2","37","8.0419","2E-06","constant"
"round1_5epoch","lr2e-6","3","2","38","8.0715","2E-06","constant"
"round1_5epoch","lr2e-6","3","2","39","8.4214","2E-06","constant"
"round1_5epoch","lr2e-6","3","2","40","8.0715","2E-06","constant"
"round1_5epoch","lr2e-6","3","2","41","8.182","2E-06","constant"
"round1_5epoch","lr2e-6","3","2","42","8.1897","2E-06","constant"
"round1_5epoch","lr2e-6","3","2","43","7.9044","2E-06","constant"
"round1_5epoch","lr2e-6","3","2","44","8.371","2E-06","constant"
"round1_5epoch","lr2e-6","3","2","45","7.9301","2E-06","constant"
"round1_5epoch","lr2e-6","3","2","46","7.841","2E-06","constant"
"round1_5epoch","lr2e-6","3","2","47","7.8853","2E-06","constant"
"round1_5epoch","lr2e-6","3","2","48","7.5552","2E-06","constant"
"round1_5epoch","lr2e-6","3","2","49","8.4297","2E-06","constant"
"round1_5epoch","lr2e-6","3","2","50","7.8826","2E-06","constant"
"round1_5epoch","lr2e-6","3","2","51","8.2442","2E-06","constant"
"round1_5epoch","lr2e-6","3","2","52","7.9736","2E-06","constant"
"round1_5epoch","lr2e-6","3","2","53","7.8505","2E-06","constant"
"round1_5epoch","lr2e-6","3","2","54","7.9964","2E-06","constant"
"round1_5epoch","lr2e-6","3","2","55","7.802","2E-06","constant"
"round1_5epoch","lr2e-6","3","2","56","8.0504","2E-06","constant"
"round1_5epoch","lr2e-6","3","2","57","7.7732","2E-06","constant"
"round1_5epoch","lr2e-6","3","2","58","7.757","2E-06","constant"
"round1_5epoch","lr2e-6","3","2","59","8.185","2E-06","constant"
"round1_5epoch","lr2e-6","3","2","60","7.9127","2E-06","constant"
"round1_5epoch","lr2e-6","3","2","61","8.2043","2E-06","constant"
"round1_5epoch","lr2e-6","3","2","62","8.0449","2E-06","constant"
"round1_5epoch","lr2e-6","3","2","63","7.7686","2E-06","constant"
"round1_5epoch","lr2e-6","3","2","64","7.9217","2E-06","constant"
"round1_5epoch","lr2e-6","3","2","65","7.4985","2E-06","constant"
"round1_5epoch","lr2e-6","3","2","66","7.9452","2E-06","constant"
"round1_5epoch","lr2e-6","3","2","67","8.285","2E-06","constant"
"round1_5epoch","lr2e-6","3","2","68","8.2638","2E-06","constant"
"round1_5epoch","lr2e-6","3","2","69","7.873","2E-06","constant"
"round1_5epoch","lr2e-6","3","2","70","7.4223","2E-06","constant"
"round1_5epoch","lr2e-6","3","2","71","7.6896","2E-06","constant"
"round1_5epoch","lr2e-6","3","2","72","8.0276","2E-06","constant"
"round1_5epoch","lr2e-6","3","2","73","8.0708","2E-06","constant"
"round1_5epoch","lr2e-6","3","2","74","7.8578","2E-06","constant"
"round1_5epoch","lr2e-6","3","2","75","8.1683","2E-06","constant"
"round1_5epoch","lr2e-6","3","2","76","7.5815","2E-06","constant"
"round1_5epoch","lr2e-6","3","2","77","7.4647","2E-06","constant"
"round1_5epoch","lr2e-6","3","2","78","6.939","2E-06","constant"
"round1_5epoch","lr2e-6","3","2","79","7.2255","2E-06","constant"
"round1_5epoch","lr2e-6","3","2","80","7.0851","2E-06","constant"
"round1_5epoch","lr2e-6","3","2","81","7.5207","2E-06","constant"
"round1_5epoch","lr2e-6","3","2","82","7.8506","2E-06","constant"
"round1_5epoch","lr2e-6","3","2","83","7.8894","2E-06","constant"
"round1_5epoch","lr2e-6","3","2","84","8.0301","2E-06","constant"
"round1_5epoch","lr2e-6","3","2","85","7.8352","2E-06","constant"
"round1_5epoch","lr2e-6","3","2","86","7.9976","2E-06","constant"
"round1_5epoch","lr2e-6","3","2","87","7.7788","2E-06","constant"
"round1_5epoch","lr2e-6","3","2","88","7.5532","2E-06","constant"
"round1_5epoch","lr2e-6","3","2","89","7.4665","2E-06","constant"
"round1_5epoch","lr2e-6","4","3","0","7.3282","2E-06","constant"
"round1_5epoch","lr2e-6","4","3","1","7.5619","2E-06","constant"
"round1_5epoch","lr2e-6","4","3","2","7.6968","2E-06","constant"
"round1_5epoch","lr2e-6","4","3","3","6.988","2E-06","constant"
"round1_5epoch","lr2e-6","4","3","4","7.9513","2E-06","constant"
"round1_5epoch","lr2e-6","4","3","5","7.5365","2E-06","constant"
"round1_5epoch","lr2e-6","4","3","6","7.7515","2E-06","constant"
"round1_5epoch","lr2e-6","4","3","7","7.4776","2E-06","constant"
"round1_5epoch","lr2e-6","4","3","8","7.6339","2E-06","constant"
"round1_5epoch","lr2e-6","4","3","9","8.286","2E-06","constant"
"round1_5epoch","lr2e-6","4","3","10","7.5861","2E-06","constant"
"round1_5epoch","lr2e-6","4","3","11","7.6899","2E-06","constant"
"round1_5epoch","lr2e-6","4","3","12","7.8601","2E-06","constant"
"round1_5epoch","lr2e-6","4","3","13","7.1898","2E-06","constant"
"round1_5epoch","lr2e-6","4","3","14","8.089","2E-06","constant"
"round1_5epoch","lr2e-6","4","3","15","7.2825","2E-06","constant"
"round1_5epoch","lr2e-6","4","3","16","7.3695","2E-06","constant"
"round1_5epoch","lr2e-6","4","3","17","7.5606","2E-06","constant"
"round1_5epoch","lr2e-6","4","3","18","7.3312","2E-06","constant"
"round1_5epoch","lr2e-6","4","3","19","7.6284","2E-06","constant"
"round1_5epoch","lr2e-6","4","3","20","7.4983","2E-06","constant"
"round1_5epoch","lr2e-6","4","3","21","8.0789","2E-06","constant"
"round1_5epoch","lr2e-6","4","3","22","7.9828","2E-06","constant"
"round1_5epoch","lr2e-6","4","3","23","7.8233","2E-06","constant"
"round1_5epoch","lr2e-6","4","3","24","7.7162","2E-06","constant"
"round1_5epoch","lr2e-6","4","3","25","7.8021","2E-06","constant"
"round1_5epoch","lr2e-6","4","3","26","6.7339","2E-06","constant"
"round1_5epoch","lr2e-6","4","3","27","7.785","2E-06","constant"
"round1_5epoch","lr2e-6","4","3","28","7.2693","2E-06","constant"
"round1_5epoch","lr2e-6","4","3","29","8.1717","2E-06","constant"
"round1_5epoch","lr2e-6","4","3","30","7.8849","2E-06","constant"
"round1_5epoch","lr2e-6","4","3","31","7.5407","2E-06","constant"
"round1_5epoch","lr2e-6","4","3","32","7.8093","2E-06","constant"
"round1_5epoch","lr2e-6","4","3","33","7.5451","2E-06","constant"
"round1_5epoch","lr2e-6","4","3","34","7.763","2E-06","constant"
"round1_5epoch","lr2e-6","4","3","35","7.4243","2E-06","constant"
"round1_5epoch","lr2e-6","4","3","36","7.2149","2E-06","constant"
"round1_5epoch","lr2e-6","4","3","37","6.6777","2E-06","constant"
"round1_5epoch","lr2e-6","4","3","38","7.8235","2E-06","constant"
"round1_5epoch","lr2e-6","4","3","39","7.4977","2E-06","constant"
"round1_5epoch","lr2e-6","4","3","40","7.3695","2E-06","constant"
"round1_5epoch","lr2e-6","4","3","41","7.7068","2E-06","constant"
"round1_5epoch","lr2e-6","4","3","42","7.7895","2E-06","constant"
"round1_5epoch","lr2e-6","4","3","43","8.0644","2E-06","constant"
"round1_5epoch","lr2e-6","4","3","44","7.3351","2E-06","constant"
"round1_5epoch","lr2e-6","4","3","45","7.8119","2E-06","constant"
"round1_5epoch","lr2e-6","4","3","46","7.5412","2E-06","constant"
"round1_5epoch","lr2e-6","4","3","47","7.5425","2E-06","constant"
"round1_5epoch","lr2e-6","4","3","48","7.7436","2E-06","constant"
"round1_5epoch","lr2e-6","4","3","49","7.8456","2E-06","constant"
"round1_5epoch","lr2e-6","4","3","50","7.8082","2E-06","constant"
"round1_5epoch","lr2e-6","4","3","51","8.2071","2E-06","constant"
"round1_5epoch","lr2e-6","4","3","52","7.6469","2E-06","constant"
"round1_5epoch","lr2e-6","4","3","53","7.244","2E-06","constant"
"round1_5epoch","lr2e-6","4","3","54","7.8746","2E-06","constant"
"round1_5epoch","lr2e-6","4","3","55","7.1411","2E-06","constant"
"round1_5epoch","lr2e-6","4","3","56","7.264","2E-06","constant"
"round1_5epoch","lr2e-6","4","3","57","7.2537","2E-06","constant"
"round1_5epoch","lr2e-6","4","3","58","7.7466","2E-06","constant"
"round1_5epoch","lr2e-6","4","3","59","7.6127","2E-06","constant"
"round1_5epoch","lr2e-6","4","3","60","7.8574","2E-06","constant"
"round1_5epoch","lr2e-6","4","3","61","6.9318","2E-06","constant"
"round1_5epoch","lr2e-6","4","3","62","6.7673","2E-06","constant"
"round1_5epoch","lr2e-6","4","3","63","7.7434","2E-06","constant"
"round1_5epoch","lr2e-6","4","3","64","7.606","2E-06","constant"
"round1_5epoch","lr2e-6","4","3","65","7.4212","2E-06","constant"
"round1_5epoch","lr2e-6","4","3","66","7.4559","2E-06","constant"
"round1_5epoch","lr2e-6","4","3","67","7.6052","2E-06","constant"
"round1_5epoch","lr2e-6","4","3","68","7.3824","2E-06","constant"
"round1_5epoch","lr2e-6","4","3","69","7.8819","2E-06","constant"
"round1_5epoch","lr2e-6","4","3","70","8.1165","2E-06","constant"
"round1_5epoch","lr2e-6","4","3","71","7.9229","2E-06","constant"
"round1_5epoch","lr2e-6","4","3","72","7.3615","2E-06","constant"
"round1_5epoch","lr2e-6","4","3","73","7.3257","2E-06","constant"
"round1_5epoch","lr2e-6","4","3","74","7.629","2E-06","constant"
"round1_5epoch","lr2e-6","4","3","75","7.5772","2E-06","constant"
"round1_5epoch","lr2e-6","4","3","76","7.2381","2E-06","constant"
"round1_5epoch","lr2e-6","4","3","77","7.5751","2E-06","constant"
"round1_5epoch","lr2e-6","4","3","78","7.8313","2E-06","constant"
"round1_5epoch","lr2e-6","4","3","79","7.3641","2E-06","constant"
"round1_5epoch","lr2e-6","4","3","80","7.3308","2E-06","constant"
"round1_5epoch","lr2e-6","4","3","81","7.9157","2E-06","constant"
"round1_5epoch","lr2e-6","4","3","82","7.7534","2E-06","constant"
"round1_5epoch","lr2e-6","4","3","83","7.1489","2E-06","constant"
"round1_5epoch","lr2e-6","4","3","84","6.9388","2E-06","constant"
"round1_5epoch","lr2e-6","4","3","85","7.3706","2E-06","constant"
"round1_5epoch","lr2e-6","4","3","86","7.474","2E-06","constant"
"round1_5epoch","lr2e-6","4","3","87","7.306","2E-06","constant"
"round1_5epoch","lr2e-6","4","3","88","7.8944","2E-06","constant"
"round1_5epoch","lr2e-6","4","3","89","7.8302","2E-06","constant"
"round1_5epoch","lr2e-6","5","4","0","7.1705","2E-06","constant"
"round1_5epoch","lr2e-6","5","4","1","7.3195","2E-06","constant"
"round1_5epoch","lr2e-6","5","4","2","7.3269","2E-06","constant"
"round1_5epoch","lr2e-6","5","4","3","7.0658","2E-06","constant"
"round1_5epoch","lr2e-6","5","4","4","7.6331","2E-06","constant"
"round1_5epoch","lr2e-6","5","4","5","6.9052","2E-06","constant"
"round1_5epoch","lr2e-6","5","4","6","7.1744","2E-06","constant"
"round1_5epoch","lr2e-6","5","4","7","7.7929","2E-06","constant"
"round1_5epoch","lr2e-6","5","4","8","6.7369","2E-06","constant"
"round1_5epoch","lr2e-6","5","4","9","6.9236","2E-06","constant"
"round1_5epoch","lr2e-6","5","4","10","7.6433","2E-06","constant"
"round1_5epoch","lr2e-6","5","4","11","8.0002","2E-06","constant"
"round1_5epoch","lr2e-6","5","4","12","7.5625","2E-06","constant"
"round1_5epoch","lr2e-6","5","4","13","8.1029","2E-06","constant"
"round1_5epoch","lr2e-6","5","4","14","7.5193","2E-06","constant"
"round1_5epoch","lr2e-6","5","4","15","7.5869","2E-06","constant"
"round1_5epoch","lr2e-6","5","4","16","7.3193","2E-06","constant"
"round1_5epoch","lr2e-6","5","4","17","6.8935","2E-06","constant"
"round1_5epoch","lr2e-6","5","4","18","7.5719","2E-06","constant"
"round1_5epoch","lr2e-6","5","4","19","7.3163","2E-06","constant"
"round1_5epoch","lr2e-6","5","4","20","7.491","2E-06","constant"
"round1_5epoch","lr2e-6","5","4","21","7.5269","2E-06","constant"
"round1_5epoch","lr2e-6","5","4","22","7.1232","2E-06","constant"
"round1_5epoch","lr2e-6","5","4","23","7.1349","2E-06","constant"
"round1_5epoch","lr2e-6","5","4","24","7.5897","2E-06","constant"
"round1_5epoch","lr2e-6","5","4","25","7.4515","2E-06","constant"
"round1_5epoch","lr2e-6","5","4","26","7.4803","2E-06","constant"
"round1_5epoch","lr2e-6","5","4","27","7.5781","2E-06","constant"
"round1_5epoch","lr2e-6","5","4","28","7.0787","2E-06","constant"
"round1_5epoch","lr2e-6","5","4","29","7.5868","2E-06","constant"
"round1_5epoch","lr2e-6","5","4","30","7.427","2E-06","constant"
"round1_5epoch","lr2e-6","5","4","31","7.0174","2E-06","constant"
"round1_5epoch","lr2e-6","5","4","32","7.5501","2E-06","constant"
"round1_5epoch","lr2e-6","5","4","33","7.1404","2E-06","constant"
"round1_5epoch","lr2e-6","5","4","34","7.9332","2E-06","constant"
"round1_5epoch","lr2e-6","5","4","35","7.8154","2E-06","constant"
"round1_5epoch","lr2e-6","5","4","36","7.419","2E-06","constant"
"round1_5epoch","lr2e-6","5","4","37","7.2937","2E-06","constant"
"round1_5epoch","lr2e-6","5","4","38","6.7717","2E-06","constant"
"round1_5epoch","lr2e-6","5","4","39","6.9686","2E-06","constant"
"round1_5epoch","lr2e-6","5","4","40","7.6307","2E-06","constant"
"round1_5epoch","lr2e-6","5","4","41","7.3658","2E-06","constant"
"round1_5epoch","lr2e-6","5","4","42","6.8485","2E-06","constant"
"round1_5epoch","lr2e-6","5","4","43","7.608","2E-06","constant"
"round1_5epoch","lr2e-6","5","4","44","7.1544","2E-06","constant"
"round1_5epoch","lr2e-6","5","4","45","7.5919","2E-06","constant"
"round1_5epoch","lr2e-6","5","4","46","7.1769","2E-06","constant"
"round1_5epoch","lr2e-6","5","4","47","7.0976","2E-06","constant"
"round1_5epoch","lr2e-6","5","4","48","7.6824","2E-06","constant"
"round1_5epoch","lr2e-6","5","4","49","6.7421","2E-06","constant"
"round1_5epoch","lr2e-6","5","4","50","7.448","2E-06","constant"
"round1_5epoch","lr2e-6","5","4","51","7.4202","2E-06","constant"
"round1_5epoch","lr2e-6","5","4","52","7.7323","2E-06","constant"
"round1_5epoch","lr2e-6","5","4","53","7.4272","2E-06","constant"
"round1_5epoch","lr2e-6","5","4","54","7.7663","2E-06","constant"
"round1_5epoch","lr2e-6","5","4","55","7.6042","2E-06","constant"
"round1_5epoch","lr2e-6","5","4","56","7.562","2E-06","constant"
"round1_5epoch","lr2e-6","5","4","57","7.5921","2E-06","constant"
"round1_5epoch","lr2e-6","5","4","58","7.3079","2E-06","constant"
"round1_5epoch","lr2e-6","5","4","59","8.0716","2E-06","constant"
"round1_5epoch","lr2e-6","5","4","60","7.8236","2E-06","constant"
"round1_5epoch","lr2e-6","5","4","61","7.1376","2E-06","constant"
"round1_5epoch","lr2e-6","5","4","62","7.7539","2E-06","constant"
"round1_5epoch","lr2e-6","5","4","63","7.5993","2E-06","constant"
"round1_5epoch","lr2e-6","5","4","64","7.2213","2E-06","constant"
"round1_5epoch","lr2e-6","5","4","65","7.158","2E-06","constant"
"round1_5epoch","lr2e-6","5","4","66","7.1755","2E-06","constant"
"round1_5epoch","lr2e-6","5","4","67","6.9708","2E-06","constant"
"round1_5epoch","lr2e-6","5","4","68","6.9289","2E-06","constant"
"round1_5epoch","lr2e-6","5","4","69","7.2196","2E-06","constant"
"round1_5epoch","lr2e-6","5","4","70","7.8459","2E-06","constant"
"round1_5epoch","lr2e-6","5","4","71","7.3387","2E-06","constant"
"round1_5epoch","lr2e-6","5","4","72","7.0322","2E-06","constant"
"round1_5epoch","lr2e-6","5","4","73","7.4003","2E-06","constant"
"round1_5epoch","lr2e-6","5","4","74","7.5799","2E-06","constant"
"round1_5epoch","lr2e-6","5","4","75","7.1592","2E-06","constant"
"round1_5epoch","lr2e-6","5","4","76","6.407","2E-06","constant"
"round1_5epoch","lr2e-6","5","4","77","7.4941","2E-06","constant"
"round1_5epoch","lr2e-6","5","4","78","7.7517","2E-06","constant"
"round1_5epoch","lr2e-6","5","4","79","6.1849","2E-06","constant"
"round1_5epoch","lr2e-6","5","4","80","7.2549","2E-06","constant"
"round1_5epoch","lr2e-6","5","4","81","6.566","2E-06","constant"
"round1_5epoch","lr2e-6","5","4","82","7.0752","2E-06","constant"
"round1_5epoch","lr2e-6","5","4","83","7.0827","2E-06","constant"
"round1_5epoch","lr2e-6","5","4","84","7.2424","2E-06","constant"
"round1_5epoch","lr2e-6","5","4","85","7.3783","2E-06","constant"
"round1_5epoch","lr2e-6","5","4","86","7.4147","2E-06","constant"
"round1_5epoch","lr2e-6","5","4","87","7.2921","2E-06","constant"
"round1_5epoch","lr2e-6","5","4","88","7.2356","2E-06","constant"
"round1_5epoch","lr2e-6","5","4","89","7.6465","2E-06","constant"
"round1_5epoch","lr5e-6","1","0","0","15.1341","5E-06","constant"
"round1_5epoch","lr5e-6","1","0","1","15.0652","5E-06","constant"
"round1_5epoch","lr5e-6","1","0","2","14.6685","5E-06","constant"
"round1_5epoch","lr5e-6","1","0","3","14.7097","5E-06","constant"
"round1_5epoch","lr5e-6","1","0","4","12.3462","5E-06","constant"
"round1_5epoch","lr5e-6","1","0","5","13.0831","5E-06","constant"
"round1_5epoch","lr5e-6","1","0","6","12.079","5E-06","constant"
"round1_5epoch","lr5e-6","1","0","7","12.75","5E-06","constant"
"round1_5epoch","lr5e-6","1","0","8","11.4331","5E-06","constant"
"round1_5epoch","lr5e-6","1","0","9","11.3481","5E-06","constant"
"round1_5epoch","lr5e-6","1","0","10","10.7345","5E-06","constant"
"round1_5epoch","lr5e-6","1","0","11","11.2969","5E-06","constant"
"round1_5epoch","lr5e-6","1","0","12","10.6255","5E-06","constant"
"round1_5epoch","lr5e-6","1","0","13","10.6726","5E-06","constant"
"round1_5epoch","lr5e-6","1","0","14","11.0371","5E-06","constant"
"round1_5epoch","lr5e-6","1","0","15","10.1064","5E-06","constant"
"round1_5epoch","lr5e-6","1","0","16","9.9988","5E-06","constant"
"round1_5epoch","lr5e-6","1","0","17","9.6129","5E-06","constant"
"round1_5epoch","lr5e-6","1","0","18","10.0682","5E-06","constant"
"round1_5epoch","lr5e-6","1","0","19","9.6095","5E-06","constant"
"round1_5epoch","lr5e-6","1","0","20","9.191","5E-06","constant"
"round1_5epoch","lr5e-6","1","0","21","9.3139","5E-06","constant"
"round1_5epoch","lr5e-6","1","0","22","8.7633","5E-06","constant"
"round1_5epoch","lr5e-6","1","0","23","9.2984","5E-06","constant"
"round1_5epoch","lr5e-6","1","0","24","8.7901","5E-06","constant"
"round1_5epoch","lr5e-6","1","0","25","9.2478","5E-06","constant"
"round1_5epoch","lr5e-6","1","0","26","9.2022","5E-06","constant"
"round1_5epoch","lr5e-6","1","0","27","9.2888","5E-06","constant"
"round1_5epoch","lr5e-6","1","0","28","8.5193","5E-06","constant"
"round1_5epoch","lr5e-6","1","0","29","8.4364","5E-06","constant"
"round1_5epoch","lr5e-6","1","0","30","8.6689","5E-06","constant"
"round1_5epoch","lr5e-6","1","0","31","7.9991","5E-06","constant"
"round1_5epoch","lr5e-6","1","0","32","8.4497","5E-06","constant"
"round1_5epoch","lr5e-6","1","0","33","7.9722","5E-06","constant"
"round1_5epoch","lr5e-6","1","0","34","8.2666","5E-06","constant"
"round1_5epoch","lr5e-6","1","0","35","8.7594","5E-06","constant"
"round1_5epoch","lr5e-6","1","0","36","8.1835","5E-06","constant"
"round1_5epoch","lr5e-6","1","0","37","7.872","5E-06","constant"
"round1_5epoch","lr5e-6","1","0","38","8.2512","5E-06","constant"
"round1_5epoch","lr5e-6","1","0","39","8.2358","5E-06","constant"
"round1_5epoch","lr5e-6","1","0","40","7.6431","5E-06","constant"
"round1_5epoch","lr5e-6","1","0","41","8.0935","5E-06","constant"
"round1_5epoch","lr5e-6","1","0","42","8.0086","5E-06","constant"
"round1_5epoch","lr5e-6","1","0","43","8.2959","5E-06","constant"
"round1_5epoch","lr5e-6","1","0","44","8.2971","5E-06","constant"
"round1_5epoch","lr5e-6","1","0","45","8.0953","5E-06","constant"
"round1_5epoch","lr5e-6","1","0","46","8.3915","5E-06","constant"
"round1_5epoch","lr5e-6","1","0","47","7.6291","5E-06","constant"
"round1_5epoch","lr5e-6","1","0","48","8.1309","5E-06","constant"
"round1_5epoch","lr5e-6","1","0","49","7.4561","5E-06","constant"
"round1_5epoch","lr5e-6","1","0","50","7.4903","5E-06","constant"
"round1_5epoch","lr5e-6","1","0","51","7.8442","5E-06","constant"
"round1_5epoch","lr5e-6","1","0","52","7.6135","5E-06","constant"
"round1_5epoch","lr5e-6","1","0","53","8.1692","5E-06","constant"
"round1_5epoch","lr5e-6","1","0","54","8.4574","5E-06","constant"
"round1_5epoch","lr5e-6","1","0","55","8.2518","5E-06","constant"
"round1_5epoch","lr5e-6","1","0","56","8.0761","5E-06","constant"
"round1_5epoch","lr5e-6","1","0","57","7.8712","5E-06","constant"
"round1_5epoch","lr5e-6","1","0","58","7.3514","5E-06","constant"
"round1_5epoch","lr5e-6","1","0","59","7.8432","5E-06","constant"
"round1_5epoch","lr5e-6","1","0","60","7.4928","5E-06","constant"
"round1_5epoch","lr5e-6","1","0","61","8.0661","5E-06","constant"
"round1_5epoch","lr5e-6","1","0","62","7.9219","5E-06","constant"
"round1_5epoch","lr5e-6","1","0","63","7.2885","5E-06","constant"
"round1_5epoch","lr5e-6","1","0","64","7.9345","5E-06","constant"
"round1_5epoch","lr5e-6","1","0","65","8.2028","5E-06","constant"
"round1_5epoch","lr5e-6","1","0","66","7.1433","5E-06","constant"
"round1_5epoch","lr5e-6","1","0","67","7.4604","5E-06","constant"
"round1_5epoch","lr5e-6","1","0","68","7.6321","5E-06","constant"
"round1_5epoch","lr5e-6","1","0","69","7.1929","5E-06","constant"
"round1_5epoch","lr5e-6","1","0","70","7.8623","5E-06","constant"
"round1_5epoch","lr5e-6","1","0","71","7.1802","5E-06","constant"
"round1_5epoch","lr5e-6","1","0","72","7.2188","5E-06","constant"
"round1_5epoch","lr5e-6","1","0","73","7.859","5E-06","constant"
"round1_5epoch","lr5e-6","1","0","74","7.7817","5E-06","constant"
"round1_5epoch","lr5e-6","1","0","75","8.0168","5E-06","constant"
"round1_5epoch","lr5e-6","1","0","76","7.2555","5E-06","constant"
"round1_5epoch","lr5e-6","1","0","77","7.476","5E-06","constant"
"round1_5epoch","lr5e-6","1","0","78","7.1855","5E-06","constant"
"round1_5epoch","lr5e-6","1","0","79","7.0977","5E-06","constant"
"round1_5epoch","lr5e-6","1","0","80","7.3633","5E-06","constant"
"round1_5epoch","lr5e-6","1","0","81","6.7487","5E-06","constant"
"round1_5epoch","lr5e-6","1","0","82","7.4353","5E-06","constant"
"round1_5epoch","lr5e-6","1","0","83","7.6545","5E-06","constant"
"round1_5epoch","lr5e-6","1","0","84","7.4536","5E-06","constant"
"round1_5epoch","lr5e-6","1","0","85","7.4814","5E-06","constant"
"round1_5epoch","lr5e-6","1","0","86","7.9216","5E-06","constant"
"round1_5epoch","lr5e-6","1","0","87","6.8608","5E-06","constant"
"round1_5epoch","lr5e-6","1","0","88","7.5488","5E-06","constant"
"round1_5epoch","lr5e-6","1","0","89","7.3957","5E-06","constant"
"round1_5epoch","lr5e-6","2","1","0","7.4977","5E-06","constant"
"round1_5epoch","lr5e-6","2","1","1","7.404","5E-06","constant"
"round1_5epoch","lr5e-6","2","1","2","7.098","5E-06","constant"
"round1_5epoch","lr5e-6","2","1","3","7.1437","5E-06","constant"
"round1_5epoch","lr5e-6","2","1","4","7.0399","5E-06","constant"
"round1_5epoch","lr5e-6","2","1","5","7.5733","5E-06","constant"
"round1_5epoch","lr5e-6","2","1","6","6.7733","5E-06","constant"
"round1_5epoch","lr5e-6","2","1","7","7.5948","5E-06","constant"
"round1_5epoch","lr5e-6","2","1","8","6.8632","5E-06","constant"
"round1_5epoch","lr5e-6","2","1","9","7.4435","5E-06","constant"
"round1_5epoch","lr5e-6","2","1","10","7.606","5E-06","constant"
"round1_5epoch","lr5e-6","2","1","11","7.3164","5E-06","constant"
"round1_5epoch","lr5e-6","2","1","12","7.3119","5E-06","constant"
"round1_5epoch","lr5e-6","2","1","13","6.8814","5E-06","constant"
"round1_5epoch","lr5e-6","2","1","14","7.2755","5E-06","constant"
"round1_5epoch","lr5e-6","2","1","15","7.172","5E-06","constant"
"round1_5epoch","lr5e-6","2","1","16","7.0962","5E-06","constant"
"round1_5epoch","lr5e-6","2","1","17","6.9153","5E-06","constant"
"round1_5epoch","lr5e-6","2","1","18","6.7919","5E-06","constant"
"round1_5epoch","lr5e-6","2","1","19","7.0238","5E-06","constant"
"round1_5epoch","lr5e-6","2","1","20","6.9008","5E-06","constant"
"round1_5epoch","lr5e-6","2","1","21","7.6388","5E-06","constant"
"round1_5epoch","lr5e-6","2","1","22","7.2376","5E-06","constant"
"round1_5epoch","lr5e-6","2","1","23","6.8467","5E-06","constant"
"round1_5epoch","lr5e-6","2","1","24","7.3873","5E-06","constant"
"round1_5epoch","lr5e-6","2","1","25","7.1559","5E-06","constant"
"round1_5epoch","lr5e-6","2","1","26","6.2858","5E-06","constant"
"round1_5epoch","lr5e-6","2","1","27","7.0759","5E-06","constant"
"round1_5epoch","lr5e-6","2","1","28","6.9507","5E-06","constant"
"round1_5epoch","lr5e-6","2","1","29","6.4195","5E-06","constant"
"round1_5epoch","lr5e-6","2","1","30","6.7686","5E-06","constant"
"round1_5epoch","lr5e-6","2","1","31","7.3599","5E-06","constant"
"round1_5epoch","lr5e-6","2","1","32","7.0869","5E-06","constant"
"round1_5epoch","lr5e-6","2","1","33","7.4171","5E-06","constant"
"round1_5epoch","lr5e-6","2","1","34","7.632","5E-06","constant"
"round1_5epoch","lr5e-6","2","1","35","7.1162","5E-06","constant"
"round1_5epoch","lr5e-6","2","1","36","6.5367","5E-06","constant"
"round1_5epoch","lr5e-6","2","1","37","7.0537","5E-06","constant"
"round1_5epoch","lr5e-6","2","1","38","6.8232","5E-06","constant"
"round1_5epoch","lr5e-6","2","1","39","7.1054","5E-06","constant"
"round1_5epoch","lr5e-6","2","1","40","6.7447","5E-06","constant"
"round1_5epoch","lr5e-6","2","1","41","7.2149","5E-06","constant"
"round1_5epoch","lr5e-6","2","1","42","7.3567","5E-06","constant"
"round1_5epoch","lr5e-6","2","1","43","7.2331","5E-06","constant"
"round1_5epoch","lr5e-6","2","1","44","6.7701","5E-06","constant"
"round1_5epoch","lr5e-6","2","1","45","6.7226","5E-06","constant"
"round1_5epoch","lr5e-6","2","1","46","7.0359","5E-06","constant"
"round1_5epoch","lr5e-6","2","1","47","6.5873","5E-06","constant"
"round1_5epoch","lr5e-6","2","1","48","7.2003","5E-06","constant"
"round1_5epoch","lr5e-6","2","1","49","7.4291","5E-06","constant"
"round1_5epoch","lr5e-6","2","1","50","7.3658","5E-06","constant"
"round1_5epoch","lr5e-6","2","1","51","7.3157","5E-06","constant"
"round1_5epoch","lr5e-6","2","1","52","7.2321","5E-06","constant"
"round1_5epoch","lr5e-6","2","1","53","7.2988","5E-06","constant"
"round1_5epoch","lr5e-6","2","1","54","7.4244","5E-06","constant"
"round1_5epoch","lr5e-6","2","1","55","7.1319","5E-06","constant"
"round1_5epoch","lr5e-6","2","1","56","6.395","5E-06","constant"
"round1_5epoch","lr5e-6","2","1","57","6.9693","5E-06","constant"
"round1_5epoch","lr5e-6","2","1","58","6.9006","5E-06","constant"
"round1_5epoch","lr5e-6","2","1","59","7.4368","5E-06","constant"
"round1_5epoch","lr5e-6","2","1","60","7.03","5E-06","constant"
"round1_5epoch","lr5e-6","2","1","61","7.0704","5E-06","constant"
"round1_5epoch","lr5e-6","2","1","62","6.8871","5E-06","constant"
"round1_5epoch","lr5e-6","2","1","63","6.7565","5E-06","constant"
"round1_5epoch","lr5e-6","2","1","64","7.2548","5E-06","constant"
"round1_5epoch","lr5e-6","2","1","65","7.021","5E-06","constant"
"round1_5epoch","lr5e-6","2","1","66","6.3532","5E-06","constant"
"round1_5epoch","lr5e-6","2","1","67","6.9279","5E-06","constant"
"round1_5epoch","lr5e-6","2","1","68","6.4903","5E-06","constant"
"round1_5epoch","lr5e-6","2","1","69","6.8773","5E-06","constant"
"round1_5epoch","lr5e-6","2","1","70","7.2104","5E-06","constant"
"round1_5epoch","lr5e-6","2","1","71","7.3612","5E-06","constant"
"round1_5epoch","lr5e-6","2","1","72","6.7052","5E-06","constant"
"round1_5epoch","lr5e-6","2","1","73","5.784","5E-06","constant"
"round1_5epoch","lr5e-6","2","1","74","6.1533","5E-06","constant"
"round1_5epoch","lr5e-6","2","1","75","6.9359","5E-06","constant"
"round1_5epoch","lr5e-6","2","1","76","6.8148","5E-06","constant"
"round1_5epoch","lr5e-6","2","1","77","7.1004","5E-06","constant"
"round1_5epoch","lr5e-6","2","1","78","7.0896","5E-06","constant"
"round1_5epoch","lr5e-6","2","1","79","7.2068","5E-06","constant"
"round1_5epoch","lr5e-6","2","1","80","7.6474","5E-06","constant"
"round1_5epoch","lr5e-6","2","1","81","6.994","5E-06","constant"
"round1_5epoch","lr5e-6","2","1","82","6.5416","5E-06","constant"
"round1_5epoch","lr5e-6","2","1","83","7.236","5E-06","constant"
"round1_5epoch","lr5e-6","2","1","84","6.0558","5E-06","constant"
"round1_5epoch","lr5e-6","2","1","85","6.5037","5E-06","constant"
"round1_5epoch","lr5e-6","2","1","86","6.9028","5E-06","constant"
"round1_5epoch","lr5e-6","2","1","87","6.7116","5E-06","constant"
"round1_5epoch","lr5e-6","2","1","88","6.4484","5E-06","constant"
"round1_5epoch","lr5e-6","2","1","89","7.3715","5E-06","constant"
"round1_5epoch","lr5e-6","3","2","0","6.6238","5E-06","constant"
"round1_5epoch","lr5e-6","3","2","1","6.5738","5E-06","constant"
"round1_5epoch","lr5e-6","3","2","2","6.4732","5E-06","constant"
"round1_5epoch","lr5e-6","3","2","3","7.081","5E-06","constant"
"round1_5epoch","lr5e-6","3","2","4","6.8896","5E-06","constant"
"round1_5epoch","lr5e-6","3","2","5","6.8444","5E-06","constant"
"round1_5epoch","lr5e-6","3","2","6","7.1029","5E-06","constant"
"round1_5epoch","lr5e-6","3","2","7","6.8134","5E-06","constant"
"round1_5epoch","lr5e-6","3","2","8","6.9383","5E-06","constant"
"round1_5epoch","lr5e-6","3","2","9","7.2227","5E-06","constant"
"round1_5epoch","lr5e-6","3","2","10","7.2149","5E-06","constant"
"round1_5epoch","lr5e-6","3","2","11","7.0897","5E-06","constant"
"round1_5epoch","lr5e-6","3","2","12","7.0193","5E-06","constant"
"round1_5epoch","lr5e-6","3","2","13","6.7344","5E-06","constant"
"round1_5epoch","lr5e-6","3","2","14","6.3858","5E-06","constant"
"round1_5epoch","lr5e-6","3","2","15","6.9707","5E-06","constant"
"round1_5epoch","lr5e-6","3","2","16","6.7282","5E-06","constant"
"round1_5epoch","lr5e-6","3","2","17","6.2786","5E-06","constant"
"round1_5epoch","lr5e-6","3","2","18","6.5493","5E-06","constant"
"round1_5epoch","lr5e-6","3","2","19","6.7928","5E-06","constant"
"round1_5epoch","lr5e-6","3","2","20","6.269","5E-06","constant"
"round1_5epoch","lr5e-6","3","2","21","6.8484","5E-06","constant"
"round1_5epoch","lr5e-6","3","2","22","5.9975","5E-06","constant"
"round1_5epoch","lr5e-6","3","2","23","6.0291","5E-06","constant"
"round1_5epoch","lr5e-6","3","2","24","5.5087","5E-06","constant"
"round1_5epoch","lr5e-6","3","2","25","6.7345","5E-06","constant"
"round1_5epoch","lr5e-6","3","2","26","6.0893","5E-06","constant"
"round1_5epoch","lr5e-6","3","2","27","7.0307","5E-06","constant"
"round1_5epoch","lr5e-6","3","2","28","6.9972","5E-06","constant"
"round1_5epoch","lr5e-6","3","2","29","6.6402","5E-06","constant"
"round1_5epoch","lr5e-6","3","2","30","6.1591","5E-06","constant"
"round1_5epoch","lr5e-6","3","2","31","6.2201","5E-06","constant"
"round1_5epoch","lr5e-6","3","2","32","6.5122","5E-06","constant"
"round1_5epoch","lr5e-6","3","2","33","6.8012","5E-06","constant"
"round1_5epoch","lr5e-6","3","2","34","5.9309","5E-06","constant"
"round1_5epoch","lr5e-6","3","2","35","7.5229","5E-06","constant"
"round1_5epoch","lr5e-6","3","2","36","7.0927","5E-06","constant"
"round1_5epoch","lr5e-6","3","2","37","6.9669","5E-06","constant"
"round1_5epoch","lr5e-6","3","2","38","6.7866","5E-06","constant"
"round1_5epoch","lr5e-6","3","2","39","7.4477","5E-06","constant"
"round1_5epoch","lr5e-6","3","2","40","6.7311","5E-06","constant"
"round1_5epoch","lr5e-6","3","2","41","6.8568","5E-06","constant"
"round1_5epoch","lr5e-6","3","2","42","7.0194","5E-06","constant"
"round1_5epoch","lr5e-6","3","2","43","6.7627","5E-06","constant"
"round1_5epoch","lr5e-6","3","2","44","7.1349","5E-06","constant"
"round1_5epoch","lr5e-6","3","2","45","6.7687","5E-06","constant"
"round1_5epoch","lr5e-6","3","2","46","6.4868","5E-06","constant"
"round1_5epoch","lr5e-6","3","2","47","6.7552","5E-06","constant"
"round1_5epoch","lr5e-6","3","2","48","6.3511","5E-06","constant"
"round1_5epoch","lr5e-6","3","2","49","7.1752","5E-06","constant"
"round1_5epoch","lr5e-6","3","2","50","6.5711","5E-06","constant"
"round1_5epoch","lr5e-6","3","2","51","7.0753","5E-06","constant"
"round1_5epoch","lr5e-6","3","2","52","6.6422","5E-06","constant"
"round1_5epoch","lr5e-6","3","2","53","6.7188","5E-06","constant"
"round1_5epoch","lr5e-6","3","2","54","6.8288","5E-06","constant"
"round1_5epoch","lr5e-6","3","2","55","6.7684","5E-06","constant"
"round1_5epoch","lr5e-6","3","2","56","6.907","5E-06","constant"
"round1_5epoch","lr5e-6","3","2","57","6.7656","5E-06","constant"
"round1_5epoch","lr5e-6","3","2","58","6.2686","5E-06","constant"
"round1_5epoch","lr5e-6","3","2","59","6.9345","5E-06","constant"
"round1_5epoch","lr5e-6","3","2","60","6.8222","5E-06","constant"
"round1_5epoch","lr5e-6","3","2","61","7.152","5E-06","constant"
"round1_5epoch","lr5e-6","3","2","62","6.8378","5E-06","constant"
"round1_5epoch","lr5e-6","3","2","63","6.7192","5E-06","constant"
"round1_5epoch","lr5e-6","3","2","64","6.8281","5E-06","constant"
"round1_5epoch","lr5e-6","3","2","65","6.4709","5E-06","constant"
"round1_5epoch","lr5e-6","3","2","66","6.7312","5E-06","constant"
"round1_5epoch","lr5e-6","3","2","67","7.0975","5E-06","constant"
"round1_5epoch","lr5e-6","3","2","68","7.1744","5E-06","constant"
"round1_5epoch","lr5e-6","3","2","69","6.7383","5E-06","constant"
"round1_5epoch","lr5e-6","3","2","70","6.3197","5E-06","constant"
"round1_5epoch","lr5e-6","3","2","71","6.5138","5E-06","constant"
"round1_5epoch","lr5e-6","3","2","72","6.8422","5E-06","constant"
"round1_5epoch","lr5e-6","3","2","73","6.973","5E-06","constant"
"round1_5epoch","lr5e-6","3","2","74","6.4836","5E-06","constant"
"round1_5epoch","lr5e-6","3","2","75","6.9663","5E-06","constant"
"round1_5epoch","lr5e-6","3","2","76","6.4581","5E-06","constant"
"round1_5epoch","lr5e-6","3","2","77","6.1965","5E-06","constant"
"round1_5epoch","lr5e-6","3","2","78","5.6555","5E-06","constant"
"round1_5epoch","lr5e-6","3","2","79","6.045","5E-06","constant"
"round1_5epoch","lr5e-6","3","2","80","5.6862","5E-06","constant"
"round1_5epoch","lr5e-6","3","2","81","6.3473","5E-06","constant"
"round1_5epoch","lr5e-6","3","2","82","6.728","5E-06","constant"
"round1_5epoch","lr5e-6","3","2","83","6.8407","5E-06","constant"
"round1_5epoch","lr5e-6","3","2","84","7.0236","5E-06","constant"
"round1_5epoch","lr5e-6","3","2","85","6.5953","5E-06","constant"
"round1_5epoch","lr5e-6","3","2","86","6.9134","5E-06","constant"
"round1_5epoch","lr5e-6","3","2","87","6.7585","5E-06","constant"
"round1_5epoch","lr5e-6","3","2","88","6.3057","5E-06","constant"
"round1_5epoch","lr5e-6","3","2","89","6.1754","5E-06","constant"
"round1_5epoch","lr5e-6","4","3","0","6.0376","5E-06","constant"
"round1_5epoch","lr5e-6","4","3","1","6.4863","5E-06","constant"
"round1_5epoch","lr5e-6","4","3","2","6.626","5E-06","constant"
"round1_5epoch","lr5e-6","4","3","3","5.518","5E-06","constant"
"round1_5epoch","lr5e-6","4","3","4","6.8812","5E-06","constant"
"round1_5epoch","lr5e-6","4","3","5","6.2507","5E-06","constant"
"round1_5epoch","lr5e-6","4","3","6","6.5505","5E-06","constant"
"round1_5epoch","lr5e-6","4","3","7","6.3287","5E-06","constant"
"round1_5epoch","lr5e-6","4","3","8","6.5204","5E-06","constant"
"round1_5epoch","lr5e-6","4","3","9","7.1806","5E-06","constant"
"round1_5epoch","lr5e-6","4","3","10","6.1188","5E-06","constant"
"round1_5epoch","lr5e-6","4","3","11","6.8201","5E-06","constant"
"round1_5epoch","lr5e-6","4","3","12","6.5563","5E-06","constant"
"round1_5epoch","lr5e-6","4","3","13","5.9311","5E-06","constant"
"round1_5epoch","lr5e-6","4","3","14","7.0507","5E-06","constant"
"round1_5epoch","lr5e-6","4","3","15","6.3393","5E-06","constant"
"round1_5epoch","lr5e-6","4","3","16","6.3359","5E-06","constant"
"round1_5epoch","lr5e-6","4","3","17","6.338","5E-06","constant"
"round1_5epoch","lr5e-6","4","3","18","6.5801","5E-06","constant"
"round1_5epoch","lr5e-6","4","3","19","6.7576","5E-06","constant"
"round1_5epoch","lr5e-6","4","3","20","6.3423","5E-06","constant"
"round1_5epoch","lr5e-6","4","3","21","6.9226","5E-06","constant"
"round1_5epoch","lr5e-6","4","3","22","6.9358","5E-06","constant"
"round1_5epoch","lr5e-6","4","3","23","6.7911","5E-06","constant"
"round1_5epoch","lr5e-6","4","3","24","6.8184","5E-06","constant"
"round1_5epoch","lr5e-6","4","3","25","6.364","5E-06","constant"
"round1_5epoch","lr5e-6","4","3","26","5.5222","5E-06","constant"
"round1_5epoch","lr5e-6","4","3","27","6.4601","5E-06","constant"
"round1_5epoch","lr5e-6","4","3","28","6.2887","5E-06","constant"
"round1_5epoch","lr5e-6","4","3","29","6.9994","5E-06","constant"
"round1_5epoch","lr5e-6","4","3","30","6.8985","5E-06","constant"
"round1_5epoch","lr5e-6","4","3","31","6.3674","5E-06","constant"
"round1_5epoch","lr5e-6","4","3","32","6.674","5E-06","constant"
"round1_5epoch","lr5e-6","4","3","33","6.4035","5E-06","constant"
"round1_5epoch","lr5e-6","4","3","34","6.7614","5E-06","constant"
"round1_5epoch","lr5e-6","4","3","35","6.223","5E-06","constant"
"round1_5epoch","lr5e-6","4","3","36","5.8972","5E-06","constant"
"round1_5epoch","lr5e-6","4","3","37","5.475","5E-06","constant"
"round1_5epoch","lr5e-6","4","3","38","6.8598","5E-06","constant"
"round1_5epoch","lr5e-6","4","3","39","6.1211","5E-06","constant"
"round1_5epoch","lr5e-6","4","3","40","6.3849","5E-06","constant"
"round1_5epoch","lr5e-6","4","3","41","6.629","5E-06","constant"
"round1_5epoch","lr5e-6","4","3","42","6.6323","5E-06","constant"
"round1_5epoch","lr5e-6","4","3","43","6.9507","5E-06","constant"
"round1_5epoch","lr5e-6","4","3","44","6.3711","5E-06","constant"
"round1_5epoch","lr5e-6","4","3","45","6.7475","5E-06","constant"
"round1_5epoch","lr5e-6","4","3","46","6.3739","5E-06","constant"
"round1_5epoch","lr5e-6","4","3","47","6.6284","5E-06","constant"
"round1_5epoch","lr5e-6","4","3","48","6.6089","5E-06","constant"
"round1_5epoch","lr5e-6","4","3","49","6.8497","5E-06","constant"
"round1_5epoch","lr5e-6","4","3","50","6.9391","5E-06","constant"
"round1_5epoch","lr5e-6","4","3","51","7.2039","5E-06","constant"
"round1_5epoch","lr5e-6","4","3","52","6.5153","5E-06","constant"
"round1_5epoch","lr5e-6","4","3","53","6.1818","5E-06","constant"
"round1_5epoch","lr5e-6","4","3","54","6.8389","5E-06","constant"
"round1_5epoch","lr5e-6","4","3","55","5.7202","5E-06","constant"
"round1_5epoch","lr5e-6","4","3","56","6.1743","5E-06","constant"
"round1_5epoch","lr5e-6","4","3","57","6.1817","5E-06","constant"
"round1_5epoch","lr5e-6","4","3","58","6.6866","5E-06","constant"
"round1_5epoch","lr5e-6","4","3","59","6.5154","5E-06","constant"
"round1_5epoch","lr5e-6","4","3","60","6.7105","5E-06","constant"
"round1_5epoch","lr5e-6","4","3","61","5.6646","5E-06","constant"
"round1_5epoch","lr5e-6","4","3","62","5.536","5E-06","constant"
"round1_5epoch","lr5e-6","4","3","63","6.8077","5E-06","constant"
"round1_5epoch","lr5e-6","4","3","64","6.5891","5E-06","constant"
"round1_5epoch","lr5e-6","4","3","65","6.1187","5E-06","constant"
"round1_5epoch","lr5e-6","4","3","66","6.4246","5E-06","constant"
"round1_5epoch","lr5e-6","4","3","67","6.8006","5E-06","constant"
"round1_5epoch","lr5e-6","4","3","68","6.2149","5E-06","constant"
"round1_5epoch","lr5e-6","4","3","69","6.9464","5E-06","constant"
"round1_5epoch","lr5e-6","4","3","70","7.1723","5E-06","constant"
"round1_5epoch","lr5e-6","4","3","71","6.7845","5E-06","constant"
"round1_5epoch","lr5e-6","4","3","72","6.4094","5E-06","constant"
"round1_5epoch","lr5e-6","4","3","73","6.2702","5E-06","constant"
"round1_5epoch","lr5e-6","4","3","74","6.4572","5E-06","constant"
"round1_5epoch","lr5e-6","4","3","75","6.6904","5E-06","constant"
"round1_5epoch","lr5e-6","4","3","76","6.3105","5E-06","constant"
"round1_5epoch","lr5e-6","4","3","77","6.6337","5E-06","constant"
"round1_5epoch","lr5e-6","4","3","78","6.5806","5E-06","constant"
"round1_5epoch","lr5e-6","4","3","79","6.2849","5E-06","constant"
"round1_5epoch","lr5e-6","4","3","80","6.4076","5E-06","constant"
"round1_5epoch","lr5e-6","4","3","81","6.8965","5E-06","constant"
"round1_5epoch","lr5e-6","4","3","82","6.7747","5E-06","constant"
"round1_5epoch","lr5e-6","4","3","83","6.2407","5E-06","constant"
"round1_5epoch","lr5e-6","4","3","84","5.8036","5E-06","constant"
"round1_5epoch","lr5e-6","4","3","85","6.4474","5E-06","constant"
"round1_5epoch","lr5e-6","4","3","86","6.4358","5E-06","constant"
"round1_5epoch","lr5e-6","4","3","87","6.1169","5E-06","constant"
"round1_5epoch","lr5e-6","4","3","88","6.8878","5E-06","constant"
"round1_5epoch","lr5e-6","4","3","89","6.7884","5E-06","constant"
"round1_5epoch","lr5e-6","5","4","0","6.1204","5E-06","constant"
"round1_5epoch","lr5e-6","5","4","1","6.3947","5E-06","constant"
"round1_5epoch","lr5e-6","5","4","2","6.3072","5E-06","constant"
"round1_5epoch","lr5e-6","5","4","3","6.049","5E-06","constant"
"round1_5epoch","lr5e-6","5","4","4","6.5338","5E-06","constant"
"round1_5epoch","lr5e-6","5","4","5","5.8292","5E-06","constant"
"round1_5epoch","lr5e-6","5","4","6","6.1441","5E-06","constant"
"round1_5epoch","lr5e-6","5","4","7","6.7085","5E-06","constant"
"round1_5epoch","lr5e-6","5","4","8","5.5204","5E-06","constant"
"round1_5epoch","lr5e-6","5","4","9","5.7851","5E-06","constant"
"round1_5epoch","lr5e-6","5","4","10","6.6069","5E-06","constant"
"round1_5epoch","lr5e-6","5","4","11","6.9836","5E-06","constant"
"round1_5epoch","lr5e-6","5","4","12","6.6612","5E-06","constant"
"round1_5epoch","lr5e-6","5","4","13","7.0694","5E-06","constant"
"round1_5epoch","lr5e-6","5","4","14","6.4972","5E-06","constant"
"round1_5epoch","lr5e-6","5","4","15","6.6081","5E-06","constant"
"round1_5epoch","lr5e-6","5","4","16","6.5985","5E-06","constant"
"round1_5epoch","lr5e-6","5","4","17","5.928","5E-06","constant"
"round1_5epoch","lr5e-6","5","4","18","6.3491","5E-06","constant"
"round1_5epoch","lr5e-6","5","4","19","6.4083","5E-06","constant"
"round1_5epoch","lr5e-6","5","4","20","6.262","5E-06","constant"
"round1_5epoch","lr5e-6","5","4","21","6.6303","5E-06","constant"
"round1_5epoch","lr5e-6","5","4","22","6.2382","5E-06","constant"
"round1_5epoch","lr5e-6","5","4","23","5.9132","5E-06","constant"
"round1_5epoch","lr5e-6","5","4","24","6.6092","5E-06","constant"
"round1_5epoch","lr5e-6","5","4","25","6.4242","5E-06","constant"
"round1_5epoch","lr5e-6","5","4","26","6.6657","5E-06","constant"
"round1_5epoch","lr5e-6","5","4","27","6.6322","5E-06","constant"
"round1_5epoch","lr5e-6","5","4","28","5.8921","5E-06","constant"
"round1_5epoch","lr5e-6","5","4","29","6.3802","5E-06","constant"
"round1_5epoch","lr5e-6","5","4","30","6.5643","5E-06","constant"
"round1_5epoch","lr5e-6","5","4","31","6.1095","5E-06","constant"
"round1_5epoch","lr5e-6","5","4","32","6.5196","5E-06","constant"
"round1_5epoch","lr5e-6","5","4","33","6.1606","5E-06","constant"
"round1_5epoch","lr5e-6","5","4","34","6.9299","5E-06","constant"
"round1_5epoch","lr5e-6","5","4","35","6.8211","5E-06","constant"
"round1_5epoch","lr5e-6","5","4","36","6.6121","5E-06","constant"
"round1_5epoch","lr5e-6","5","4","37","6.2062","5E-06","constant"
"round1_5epoch","lr5e-6","5","4","38","5.7027","5E-06","constant"
"round1_5epoch","lr5e-6","5","4","39","5.8124","5E-06","constant"
"round1_5epoch","lr5e-6","5","4","40","6.4855","5E-06","constant"
"round1_5epoch","lr5e-6","5","4","41","6.3546","5E-06","constant"
"round1_5epoch","lr5e-6","5","4","42","5.7579","5E-06","constant"
"round1_5epoch","lr5e-6","5","4","43","6.459","5E-06","constant"
"round1_5epoch","lr5e-6","5","4","44","6.1556","5E-06","constant"
"round1_5epoch","lr5e-6","5","4","45","6.6535","5E-06","constant"
"round1_5epoch","lr5e-6","5","4","46","6.298","5E-06","constant"
"round1_5epoch","lr5e-6","5","4","47","5.9905","5E-06","constant"
"round1_5epoch","lr5e-6","5","4","48","6.6968","5E-06","constant"
"round1_5epoch","lr5e-6","5","4","49","5.6473","5E-06","constant"
"round1_5epoch","lr5e-6","5","4","50","6.4467","5E-06","constant"
"round1_5epoch","lr5e-6","5","4","51","6.3649","5E-06","constant"
"round1_5epoch","lr5e-6","5","4","52","6.7425","5E-06","constant"
"round1_5epoch","lr5e-6","5","4","53","6.5799","5E-06","constant"
"round1_5epoch","lr5e-6","5","4","54","6.8912","5E-06","constant"
"round1_5epoch","lr5e-6","5","4","55","6.4974","5E-06","constant"
"round1_5epoch","lr5e-6","5","4","56","6.6772","5E-06","constant"
"round1_5epoch","lr5e-6","5","4","57","6.4983","5E-06","constant"
"round1_5epoch","lr5e-6","5","4","58","6.3847","5E-06","constant"
"round1_5epoch","lr5e-6","5","4","59","6.9923","5E-06","constant"
"round1_5epoch","lr5e-6","5","4","60","6.8617","5E-06","constant"
"round1_5epoch","lr5e-6","5","4","61","6.1734","5E-06","constant"
"round1_5epoch","lr5e-6","5","4","62","6.6457","5E-06","constant"
"round1_5epoch","lr5e-6","5","4","63","6.5188","5E-06","constant"
"round1_5epoch","lr5e-6","5","4","64","6.4051","5E-06","constant"
"round1_5epoch","lr5e-6","5","4","65","6.2032","5E-06","constant"
"round1_5epoch","lr5e-6","5","4","66","6.0873","5E-06","constant"
"round1_5epoch","lr5e-6","5","4","67","6.068","5E-06","constant"
"round1_5epoch","lr5e-6","5","4","68","6.0662","5E-06","constant"
"round1_5epoch","lr5e-6","5","4","69","6.3677","5E-06","constant"
"round1_5epoch","lr5e-6","5","4","70","6.8212","5E-06","constant"
"round1_5epoch","lr5e-6","5","4","71","6.0496","5E-06","constant"
"round1_5epoch","lr5e-6","5","4","72","6.1936","5E-06","constant"
"round1_5epoch","lr5e-6","5","4","73","6.6084","5E-06","constant"
"round1_5epoch","lr5e-6","5","4","74","6.6511","5E-06","constant"
"round1_5epoch","lr5e-6","5","4","75","6.1623","5E-06","constant"
"round1_5epoch","lr5e-6","5","4","76","5.4832","5E-06","constant"
"round1_5epoch","lr5e-6","5","4","77","6.5488","5E-06","constant"
"round1_5epoch","lr5e-6","5","4","78","6.8624","5E-06","constant"
"round1_5epoch","lr5e-6","5","4","79","5.0889","5E-06","constant"
"round1_5epoch","lr5e-6","5","4","80","6.5905","5E-06","constant"
"round1_5epoch","lr5e-6","5","4","81","5.5537","5E-06","constant"
"round1_5epoch","lr5e-6","5","4","82","6.0499","5E-06","constant"
"round1_5epoch","lr5e-6","5","4","83","6.1039","5E-06","constant"
"round1_5epoch","lr5e-6","5","4","84","6.3123","5E-06","constant"
"round1_5epoch","lr5e-6","5","4","85","6.3669","5E-06","constant"
"round1_5epoch","lr5e-6","5","4","86","6.4289","5E-06","constant"
"round1_5epoch","lr5e-6","5","4","87","6.3299","5E-06","constant"
"round1_5epoch","lr5e-6","5","4","88","6.2178","5E-06","constant"
"round1_5epoch","lr5e-6","5","4","89","6.7075","5E-06","constant"
"round2_8epoch_cosine","lr5e-7","1","0","0","15.13411","0","cosine"
"round2_8epoch_cosine","lr5e-7","1","0","1","15.065191","0","cosine"
"round2_8epoch_cosine","lr5e-7","1","0","2","14.668519","0","cosine"
"round2_8epoch_cosine","lr5e-7","1","0","3","14.709749","5E-08","cosine"
"round2_8epoch_cosine","lr5e-7","1","0","4","14.25516","5E-08","cosine"
"round2_8epoch_cosine","lr5e-7","1","0","5","15.140528","5E-08","cosine"
"round2_8epoch_cosine","lr5e-7","1","0","6","14.436814","5E-08","cosine"
"round2_8epoch_cosine","lr5e-7","1","0","7","14.409559","1E-07","cosine"
"round2_8epoch_cosine","lr5e-7","1","0","8","14.407188","1E-07","cosine"
"round2_8epoch_cosine","lr5e-7","1","0","9","14.972789","1E-07","cosine"
"round2_8epoch_cosine","lr5e-7","1","0","10","13.876545","1E-07","cosine"
"round2_8epoch_cosine","lr5e-7","1","0","11","14.445049","1.5E-07","cosine"
"round2_8epoch_cosine","lr5e-7","1","0","12","14.550608","1.5E-07","cosine"
"round2_8epoch_cosine","lr5e-7","1","0","13","14.925609","1.5E-07","cosine"
"round2_8epoch_cosine","lr5e-7","1","0","14","15.596924","1.5E-07","cosine"
"round2_8epoch_cosine","lr5e-7","1","0","15","13.5207","2E-07","cosine"
"round2_8epoch_cosine","lr5e-7","1","0","16","15.239735","2E-07","cosine"
"round2_8epoch_cosine","lr5e-7","1","0","17","14.357848","2E-07","cosine"
"round2_8epoch_cosine","lr5e-7","1","0","18","14.676146","2E-07","cosine"
"round2_8epoch_cosine","lr5e-7","1","0","19","13.96698","2.5E-07","cosine"
"round2_8epoch_cosine","lr5e-7","1","0","20","13.947372","2.5E-07","cosine"
"round2_8epoch_cosine","lr5e-7","1","0","21","14.460782","2.5E-07","cosine"
"round2_8epoch_cosine","lr5e-7","1","0","22","14.100542","2.5E-07","cosine"
"round2_8epoch_cosine","lr5e-7","1","0","23","15.356903","3E-07","cosine"
"round2_8epoch_cosine","lr5e-7","1","0","24","14.500413","3E-07","cosine"
"round2_8epoch_cosine","lr5e-7","1","0","25","14.632083","3E-07","cosine"
"round2_8epoch_cosine","lr5e-7","1","0","26","14.333644","3E-07","cosine"
"round2_8epoch_cosine","lr5e-7","1","0","27","14.510717","3.5E-07","cosine"
"round2_8epoch_cosine","lr5e-7","1","0","28","14.030525","3.5E-07","cosine"
"round2_8epoch_cosine","lr5e-7","1","0","29","13.652475","3.5E-07","cosine"
"round2_8epoch_cosine","lr5e-7","1","0","30","15.072126","3.5E-07","cosine"
"round2_8epoch_cosine","lr5e-7","1","0","31","14.022913","4E-07","cosine"
"round2_8epoch_cosine","lr5e-7","1","0","32","14.177858","4E-07","cosine"
"round2_8epoch_cosine","lr5e-7","1","0","33","14.294176","4E-07","cosine"
"round2_8epoch_cosine","lr5e-7","1","0","34","14.406668","4E-07","cosine"
"round2_8epoch_cosine","lr5e-7","1","0","35","14.362768","4.5E-07","cosine"
"round2_8epoch_cosine","lr5e-7","1","0","36","14.568702","4.5E-07","cosine"
"round2_8epoch_cosine","lr5e-7","1","0","37","14.504322","4.5E-07","cosine"
"round2_8epoch_cosine","lr5e-7","1","0","38","15.059988","4.5E-07","cosine"
"round2_8epoch_cosine","lr5e-7","1","0","39","13.832336","5E-07","cosine"
"round2_8epoch_cosine","lr5e-7","1","0","40","13.974785","5E-07","cosine"
"round2_8epoch_cosine","lr5e-7","1","0","41","14.518663","5E-07","cosine"
"round2_8epoch_cosine","lr5e-7","1","0","42","14.294573","5E-07","cosine"
"round2_8epoch_cosine","lr5e-7","1","0","43","13.991804","4.9995925264E-07","cosine"
"round2_8epoch_cosine","lr5e-7","1","0","44","14.87835","4.9995925264E-07","cosine"
"round2_8epoch_cosine","lr5e-7","1","0","45","14.409357","4.9995925264E-07","cosine"
"round2_8epoch_cosine","lr5e-7","1","0","46","15.258869","4.9995925264E-07","cosine"
"round2_8epoch_cosine","lr5e-7","1","0","47","14.695925","4.9983702385E-07","cosine"
"round2_8epoch_cosine","lr5e-7","1","0","48","14.846098","4.9983702385E-07","cosine"
"round2_8epoch_cosine","lr5e-7","1","0","49","14.323018","4.9983702385E-07","cosine"
"round2_8epoch_cosine","lr5e-7","1","0","50","14.072214","4.9983702385E-07","cosine"
"round2_8epoch_cosine","lr5e-7","1","0","51","14.703814","4.9963335346E-07","cosine"
"round2_8epoch_cosine","lr5e-7","1","0","52","14.223194","4.9963335346E-07","cosine"
"round2_8epoch_cosine","lr5e-7","1","0","53","15.100143","4.9963335346E-07","cosine"
"round2_8epoch_cosine","lr5e-7","1","0","54","14.646551","4.9963335346E-07","cosine"
"round2_8epoch_cosine","lr5e-7","1","0","55","13.817807","4.9934830788E-07","cosine"
"round2_8epoch_cosine","lr5e-7","1","0","56","15.124657","4.9934830788E-07","cosine"
"round2_8epoch_cosine","lr5e-7","1","0","57","14.606708","4.9934830788E-07","cosine"
"round2_8epoch_cosine","lr5e-7","1","0","58","14.107981","4.9934830788E-07","cosine"
"round2_8epoch_cosine","lr5e-7","1","0","59","14.850315","4.9898198002E-07","cosine"
"round2_8epoch_cosine","lr5e-7","1","0","60","14.033305","4.9898198002E-07","cosine"
"round2_8epoch_cosine","lr5e-7","1","0","61","15.266004","4.9898198002E-07","cosine"
"round2_8epoch_cosine","lr5e-7","1","0","62","14.584393","4.9898198002E-07","cosine"
"round2_8epoch_cosine","lr5e-7","1","0","63","14.743341","4.9853448929E-07","cosine"
"round2_8epoch_cosine","lr5e-7","1","0","64","14.767443","4.9853448929E-07","cosine"
"round2_8epoch_cosine","lr5e-7","1","0","65","14.519962","4.9853448929E-07","cosine"
"round2_8epoch_cosine","lr5e-7","1","0","66","14.022186","4.9853448929E-07","cosine"
"round2_8epoch_cosine","lr5e-7","1","0","67","13.936087","4.9800598157E-07","cosine"
"round2_8epoch_cosine","lr5e-7","1","0","68","14.233552","4.9800598157E-07","cosine"
"round2_8epoch_cosine","lr5e-7","1","0","69","14.429104","4.9800598157E-07","cosine"
"round2_8epoch_cosine","lr5e-7","1","0","70","14.281926","4.9800598157E-07","cosine"
"round2_8epoch_cosine","lr5e-7","1","0","71","13.717238","4.9739662914E-07","cosine"
"round2_8epoch_cosine","lr5e-7","1","0","72","13.934624","4.9739662914E-07","cosine"
"round2_8epoch_cosine","lr5e-7","1","0","73","14.742937","4.9739662914E-07","cosine"
"round2_8epoch_cosine","lr5e-7","1","0","74","14.802059","4.9739662914E-07","cosine"
"round2_8epoch_cosine","lr5e-7","1","0","75","14.860119","4.9670663064E-07","cosine"
"round2_8epoch_cosine","lr5e-7","1","0","76","13.584629","4.9670663064E-07","cosine"
"round2_8epoch_cosine","lr5e-7","1","0","77","14.32942","4.9670663064E-07","cosine"
"round2_8epoch_cosine","lr5e-7","1","0","78","14.155347","4.9670663064E-07","cosine"
"round2_8epoch_cosine","lr5e-7","1","0","79","13.724394","4.9593621098E-07","cosine"
"round2_8epoch_cosine","lr5e-7","1","0","80","13.283047","4.9593621098E-07","cosine"
"round2_8epoch_cosine","lr5e-7","1","0","81","14.185938","4.9593621098E-07","cosine"
"round2_8epoch_cosine","lr5e-7","1","0","82","14.217746","4.9593621098E-07","cosine"
"round2_8epoch_cosine","lr5e-7","1","0","83","13.769073","4.9508562132E-07","cosine"
"round2_8epoch_cosine","lr5e-7","1","0","84","14.015844","4.9508562132E-07","cosine"
"round2_8epoch_cosine","lr5e-7","1","0","85","13.586519","4.9508562132E-07","cosine"
"round2_8epoch_cosine","lr5e-7","1","0","86","14.891275","4.9508562132E-07","cosine"
"round2_8epoch_cosine","lr5e-7","1","0","87","13.3356","4.9415513893E-07","cosine"
"round2_8epoch_cosine","lr5e-7","1","0","88","13.807142","4.9415513893E-07","cosine"
"round2_8epoch_cosine","lr5e-7","1","0","89","14.402559","4.9314506712E-07","cosine"
"round2_8epoch_cosine","lr5e-7","2","1","0","13.163404","4.9314506712E-07","cosine"
"round2_8epoch_cosine","lr5e-7","2","1","1","15.085398","4.9314506712E-07","cosine"
"round2_8epoch_cosine","lr5e-7","2","1","2","13.675679","4.9314506712E-07","cosine"
"round2_8epoch_cosine","lr5e-7","2","1","3","13.490734","4.9205573515E-07","cosine"
"round2_8epoch_cosine","lr5e-7","2","1","4","14.501799","4.9205573515E-07","cosine"
"round2_8epoch_cosine","lr5e-7","2","1","5","14.623666","4.9205573515E-07","cosine"
"round2_8epoch_cosine","lr5e-7","2","1","6","13.439798","4.9205573515E-07","cosine"
"round2_8epoch_cosine","lr5e-7","2","1","7","15.049131","4.9088749813E-07","cosine"
"round2_8epoch_cosine","lr5e-7","2","1","8","13.245312","4.9088749813E-07","cosine"
"round2_8epoch_cosine","lr5e-7","2","1","9","13.935502","4.9088749813E-07","cosine"
"round2_8epoch_cosine","lr5e-7","2","1","10","14.05759","4.9088749813E-07","cosine"
"round2_8epoch_cosine","lr5e-7","2","1","11","13.191782","4.8964073687E-07","cosine"
"round2_8epoch_cosine","lr5e-7","2","1","12","14.273325","4.8964073687E-07","cosine"
"round2_8epoch_cosine","lr5e-7","2","1","13","13.900799","4.8964073687E-07","cosine"
"round2_8epoch_cosine","lr5e-7","2","1","14","13.89257","4.8964073687E-07","cosine"
"round2_8epoch_cosine","lr5e-7","2","1","15","13.965007","4.883158578E-07","cosine"
"round2_8epoch_cosine","lr5e-7","2","1","16","14.645423","4.883158578E-07","cosine"
"round2_8epoch_cosine","lr5e-7","2","1","17","14.272689","4.883158578E-07","cosine"
"round2_8epoch_cosine","lr5e-7","2","1","18","13.567709","4.883158578E-07","cosine"
"round2_8epoch_cosine","lr5e-7","2","1","19","13.671765","4.869132928E-07","cosine"
"round2_8epoch_cosine","lr5e-7","2","1","20","13.405716","4.869132928E-07","cosine"
"round2_8epoch_cosine","lr5e-7","2","1","21","14.517641","4.869132928E-07","cosine"
"round2_8epoch_cosine","lr5e-7","2","1","22","14.664398","4.869132928E-07","cosine"
"round2_8epoch_cosine","lr5e-7","2","1","23","13.401875","4.8543349906E-07","cosine"
"round2_8epoch_cosine","lr5e-7","2","1","24","14.83598","4.8543349906E-07","cosine"
"round2_8epoch_cosine","lr5e-7","2","1","25","13.839823","4.8543349906E-07","cosine"
"round2_8epoch_cosine","lr5e-7","2","1","26","14.136766","4.8543349906E-07","cosine"
"round2_8epoch_cosine","lr5e-7","2","1","27","14.061096","4.8387695898E-07","cosine"
"round2_8epoch_cosine","lr5e-7","2","1","28","13.555525","4.8387695898E-07","cosine"
"round2_8epoch_cosine","lr5e-7","2","1","29","12.986862","4.8387695898E-07","cosine"
"round2_8epoch_cosine","lr5e-7","2","1","30","13.721226","4.8387695898E-07","cosine"
"round2_8epoch_cosine","lr5e-7","2","1","31","14.118991","4.8224417995E-07","cosine"
"round2_8epoch_cosine","lr5e-7","2","1","32","13.924026","4.8224417995E-07","cosine"
"round2_8epoch_cosine","lr5e-7","2","1","33","13.864062","4.8224417995E-07","cosine"
"round2_8epoch_cosine","lr5e-7","2","1","34","13.861241","4.8224417995E-07","cosine"
"round2_8epoch_cosine","lr5e-7","2","1","35","14.6558","4.8053569423E-07","cosine"
"round2_8epoch_cosine","lr5e-7","2","1","36","12.98735","4.8053569423E-07","cosine"
"round2_8epoch_cosine","lr5e-7","2","1","37","13.749603","4.8053569423E-07","cosine"
"round2_8epoch_cosine","lr5e-7","2","1","38","13.818863","4.8053569423E-07","cosine"
"round2_8epoch_cosine","lr5e-7","2","1","39","13.622154","4.7875205874E-07","cosine"
"round2_8epoch_cosine","lr5e-7","2","1","40","14.209785","4.7875205874E-07","cosine"
"round2_8epoch_cosine","lr5e-7","2","1","41","13.235641","4.7875205874E-07","cosine"
"round2_8epoch_cosine","lr5e-7","2","1","42","13.859097","4.7875205874E-07","cosine"
"round2_8epoch_cosine","lr5e-7","2","1","43","14.301928","4.7689385492E-07","cosine"
"round2_8epoch_cosine","lr5e-7","2","1","44","13.715986","4.7689385492E-07","cosine"
"round2_8epoch_cosine","lr5e-7","2","1","45","13.989153","4.7689385492E-07","cosine"
"round2_8epoch_cosine","lr5e-7","2","1","46","15.209372","4.7689385492E-07","cosine"
"round2_8epoch_cosine","lr5e-7","2","1","47","13.67656","4.7496168849E-07","cosine"
"round2_8epoch_cosine","lr5e-7","2","1","48","14.06906","4.7496168849E-07","cosine"
"round2_8epoch_cosine","lr5e-7","2","1","49","13.754406","4.7496168849E-07","cosine"
"round2_8epoch_cosine","lr5e-7","2","1","50","14.738845","4.7496168849E-07","cosine"
"round2_8epoch_cosine","lr5e-7","2","1","51","14.482707","4.729561893E-07","cosine"
"round2_8epoch_cosine","lr5e-7","2","1","52","13.649599","4.729561893E-07","cosine"
"round2_8epoch_cosine","lr5e-7","2","1","53","14.133229","4.729561893E-07","cosine"
"round2_8epoch_cosine","lr5e-7","2","1","54","13.863845","4.729561893E-07","cosine"
"round2_8epoch_cosine","lr5e-7","2","1","55","14.187553","4.7087801111E-07","cosine"
"round2_8epoch_cosine","lr5e-7","2","1","56","13.569221","4.7087801111E-07","cosine"
"round2_8epoch_cosine","lr5e-7","2","1","57","13.694799","4.7087801111E-07","cosine"
"round2_8epoch_cosine","lr5e-7","2","1","58","13.199354","4.7087801111E-07","cosine"
"round2_8epoch_cosine","lr5e-7","2","1","59","14.03046","4.6872783135E-07","cosine"
"round2_8epoch_cosine","lr5e-7","2","1","60","13.796011","4.6872783135E-07","cosine"
"round2_8epoch_cosine","lr5e-7","2","1","61","13.21166","4.6872783135E-07","cosine"
"round2_8epoch_cosine","lr5e-7","2","1","62","13.422336","4.6872783135E-07","cosine"
"round2_8epoch_cosine","lr5e-7","2","1","63","13.932512","4.6650635095E-07","cosine"
"round2_8epoch_cosine","lr5e-7","2","1","64","14.584108","4.6650635095E-07","cosine"
"round2_8epoch_cosine","lr5e-7","2","1","65","13.772697","4.6650635095E-07","cosine"
"round2_8epoch_cosine","lr5e-7","2","1","66","13.081322","4.6650635095E-07","cosine"
"round2_8epoch_cosine","lr5e-7","2","1","67","14.028363","4.6421429404E-07","cosine"
"round2_8epoch_cosine","lr5e-7","2","1","68","13.735132","4.6421429404E-07","cosine"
"round2_8epoch_cosine","lr5e-7","2","1","69","14.23204","4.6421429404E-07","cosine"
"round2_8epoch_cosine","lr5e-7","2","1","70","13.751817","4.6421429404E-07","cosine"
"round2_8epoch_cosine","lr5e-7","2","1","71","13.571555","4.618524078E-07","cosine"
"round2_8epoch_cosine","lr5e-7","2","1","72","12.959801","4.618524078E-07","cosine"
"round2_8epoch_cosine","lr5e-7","2","1","73","13.459404","4.618524078E-07","cosine"
"round2_8epoch_cosine","lr5e-7","2","1","74","13.33926","4.618524078E-07","cosine"
"round2_8epoch_cosine","lr5e-7","2","1","75","13.869498","4.5942146216E-07","cosine"
"round2_8epoch_cosine","lr5e-7","2","1","76","12.679583","4.5942146216E-07","cosine"
"round2_8epoch_cosine","lr5e-7","2","1","77","14.065973","4.5942146216E-07","cosine"
"round2_8epoch_cosine","lr5e-7","2","1","78","14.273376","4.5942146216E-07","cosine"
"round2_8epoch_cosine","lr5e-7","2","1","79","14.014902","4.5692224954E-07","cosine"
"round2_8epoch_cosine","lr5e-7","2","1","80","13.828976","4.5692224954E-07","cosine"
"round2_8epoch_cosine","lr5e-7","2","1","81","13.532061","4.5692224954E-07","cosine"
"round2_8epoch_cosine","lr5e-7","2","1","82","12.988225","4.5692224954E-07","cosine"
"round2_8epoch_cosine","lr5e-7","2","1","83","13.884073","4.5435558464E-07","cosine"
"round2_8epoch_cosine","lr5e-7","2","1","84","13.383577","4.5435558464E-07","cosine"
"round2_8epoch_cosine","lr5e-7","2","1","85","13.647957","4.5435558464E-07","cosine"
"round2_8epoch_cosine","lr5e-7","2","1","86","14.044312","4.5435558464E-07","cosine"
"round2_8epoch_cosine","lr5e-7","2","1","87","13.227081","4.5172230414E-07","cosine"
"round2_8epoch_cosine","lr5e-7","2","1","88","13.631756","4.5172230414E-07","cosine"
"round2_8epoch_cosine","lr5e-7","2","1","89","14.070575","4.4902326643E-07","cosine"
"round2_8epoch_cosine","lr5e-7","3","2","0","13.349607","4.4902326643E-07","cosine"
"round2_8epoch_cosine","lr5e-7","3","2","1","13.37034","4.4902326643E-07","cosine"
"round2_8epoch_cosine","lr5e-7","3","2","2","13.118454","4.4902326643E-07","cosine"
"round2_8epoch_cosine","lr5e-7","3","2","3","14.363012","4.4625935134E-07","cosine"
"round2_8epoch_cosine","lr5e-7","3","2","4","13.717707","4.4625935134E-07","cosine"
"round2_8epoch_cosine","lr5e-7","3","2","5","13.070465","4.4625935134E-07","cosine"
"round2_8epoch_cosine","lr5e-7","3","2","6","13.994207","4.4625935134E-07","cosine"
"round2_8epoch_cosine","lr5e-7","3","2","7","13.555576","4.4343145984E-07","cosine"
"round2_8epoch_cosine","lr5e-7","3","2","8","12.715757","4.4343145984E-07","cosine"
"round2_8epoch_cosine","lr5e-7","3","2","9","13.547334","4.4343145984E-07","cosine"
"round2_8epoch_cosine","lr5e-7","3","2","10","14.137767","4.4343145984E-07","cosine"
"round2_8epoch_cosine","lr5e-7","3","2","11","13.495382","4.4054051378E-07","cosine"
"round2_8epoch_cosine","lr5e-7","3","2","12","14.115996","4.4054051378E-07","cosine"
"round2_8epoch_cosine","lr5e-7","3","2","13","12.696202","4.4054051378E-07","cosine"
"round2_8epoch_cosine","lr5e-7","3","2","14","13.841455","4.4054051378E-07","cosine"
"round2_8epoch_cosine","lr5e-7","3","2","15","13.395906","4.3758745554E-07","cosine"
"round2_8epoch_cosine","lr5e-7","3","2","16","13.035698","4.3758745554E-07","cosine"
"round2_8epoch_cosine","lr5e-7","3","2","17","13.21998","4.3758745554E-07","cosine"
"round2_8epoch_cosine","lr5e-7","3","2","18","13.589346","4.3758745554E-07","cosine"
"round2_8epoch_cosine","lr5e-7","3","2","19","13.45578","4.3457324775E-07","cosine"
"round2_8epoch_cosine","lr5e-7","3","2","20","12.969948","4.3457324775E-07","cosine"
"round2_8epoch_cosine","lr5e-7","3","2","21","12.764996","4.3457324775E-07","cosine"
"round2_8epoch_cosine","lr5e-7","3","2","22","12.623491","4.3457324775E-07","cosine"
"round2_8epoch_cosine","lr5e-7","3","2","23","13.063","4.3149887298E-07","cosine"
"round2_8epoch_cosine","lr5e-7","3","2","24","12.844854","4.3149887298E-07","cosine"
"round2_8epoch_cosine","lr5e-7","3","2","25","14.265966","4.3149887298E-07","cosine"
"round2_8epoch_cosine","lr5e-7","3","2","26","12.931084","4.3149887298E-07","cosine"
"round2_8epoch_cosine","lr5e-7","3","2","27","14.405621","4.2836533341E-07","cosine"
"round2_8epoch_cosine","lr5e-7","3","2","28","13.420835","4.2836533341E-07","cosine"
"round2_8epoch_cosine","lr5e-7","3","2","29","13.622916","4.2836533341E-07","cosine"
"round2_8epoch_cosine","lr5e-7","3","2","30","13.210781","4.2836533341E-07","cosine"
"round2_8epoch_cosine","lr5e-7","3","2","31","12.494627","4.2517365052E-07","cosine"
"round2_8epoch_cosine","lr5e-7","3","2","32","13.870567","4.2517365052E-07","cosine"
"round2_8epoch_cosine","lr5e-7","3","2","33","13.87227","4.2517365052E-07","cosine"
"round2_8epoch_cosine","lr5e-7","3","2","34","13.149378","4.2517365052E-07","cosine"
"round2_8epoch_cosine","lr5e-7","3","2","35","14.155486","4.2192486471E-07","cosine"
"round2_8epoch_cosine","lr5e-7","3","2","36","13.957253","4.2192486471E-07","cosine"
"round2_8epoch_cosine","lr5e-7","3","2","37","13.697939","4.2192486471E-07","cosine"
"round2_8epoch_cosine","lr5e-7","3","2","38","13.423603","4.2192486471E-07","cosine"
"round2_8epoch_cosine","lr5e-7","3","2","39","13.677141","4.1862003504E-07","cosine"
"round2_8epoch_cosine","lr5e-7","3","2","40","13.86244","4.1862003504E-07","cosine"
"round2_8epoch_cosine","lr5e-7","3","2","41","14.023583","4.1862003504E-07","cosine"
"round2_8epoch_cosine","lr5e-7","3","2","42","13.497959","4.1862003504E-07","cosine"
"round2_8epoch_cosine","lr5e-7","3","2","43","13.348135","4.1526023879E-07","cosine"
"round2_8epoch_cosine","lr5e-7","3","2","44","13.56674","4.1526023879E-07","cosine"
"round2_8epoch_cosine","lr5e-7","3","2","45","13.798521","4.1526023879E-07","cosine"
"round2_8epoch_cosine","lr5e-7","3","2","46","13.947113","4.1526023879E-07","cosine"
"round2_8epoch_cosine","lr5e-7","3","2","47","12.889692","4.118465712E-07","cosine"
"round2_8epoch_cosine","lr5e-7","3","2","48","13.012759","4.118465712E-07","cosine"
"round2_8epoch_cosine","lr5e-7","3","2","49","13.915288","4.118465712E-07","cosine"
"round2_8epoch_cosine","lr5e-7","3","2","50","13.114144","4.118465712E-07","cosine"
"round2_8epoch_cosine","lr5e-7","3","2","51","14.077917","4.0838014504E-07","cosine"
"round2_8epoch_cosine","lr5e-7","3","2","52","13.506355","4.0838014504E-07","cosine"
"round2_8epoch_cosine","lr5e-7","3","2","53","13.246787","4.0838014504E-07","cosine"
"round2_8epoch_cosine","lr5e-7","3","2","54","13.677446","4.0838014504E-07","cosine"
"round2_8epoch_cosine","lr5e-7","3","2","55","13.68183","4.048620903E-07","cosine"
"round2_8epoch_cosine","lr5e-7","3","2","56","13.596012","4.048620903E-07","cosine"
"round2_8epoch_cosine","lr5e-7","3","2","57","12.60601","4.048620903E-07","cosine"
"round2_8epoch_cosine","lr5e-7","3","2","58","13.736465","4.048620903E-07","cosine"
"round2_8epoch_cosine","lr5e-7","3","2","59","13.559673","4.012935538E-07","cosine"
"round2_8epoch_cosine","lr5e-7","3","2","60","13.355167","4.012935538E-07","cosine"
"round2_8epoch_cosine","lr5e-7","3","2","61","14.072352","4.012935538E-07","cosine"
"round2_8epoch_cosine","lr5e-7","3","2","62","13.66483","4.012935538E-07","cosine"
"round2_8epoch_cosine","lr5e-7","3","2","63","12.814888","3.9767569879E-07","cosine"
"round2_8epoch_cosine","lr5e-7","3","2","64","13.28617","3.9767569879E-07","cosine"
"round2_8epoch_cosine","lr5e-7","3","2","65","12.96376","3.9767569879E-07","cosine"
"round2_8epoch_cosine","lr5e-7","3","2","66","13.487524","3.9767569879E-07","cosine"
"round2_8epoch_cosine","lr5e-7","3","2","67","14.170322","3.9400970463E-07","cosine"
"round2_8epoch_cosine","lr5e-7","3","2","68","13.488772","3.9400970463E-07","cosine"
"round2_8epoch_cosine","lr5e-7","3","2","69","12.969912","3.9400970463E-07","cosine"
"round2_8epoch_cosine","lr5e-7","3","2","70","13.118753","3.9400970463E-07","cosine"
"round2_8epoch_cosine","lr5e-7","3","2","71","13.367559","3.9029676634E-07","cosine"
"round2_8epoch_cosine","lr5e-7","3","2","72","13.844351","3.9029676634E-07","cosine"
"round2_8epoch_cosine","lr5e-7","3","2","73","13.617476","3.9029676634E-07","cosine"
"round2_8epoch_cosine","lr5e-7","3","2","74","13.625299","3.9029676634E-07","cosine"
"round2_8epoch_cosine","lr5e-7","3","2","75","14.267504","3.8653809427E-07","cosine"
"round2_8epoch_cosine","lr5e-7","3","2","76","13.231211","3.8653809427E-07","cosine"
"round2_8epoch_cosine","lr5e-7","3","2","77","13.736844","3.8653809427E-07","cosine"
"round2_8epoch_cosine","lr5e-7","3","2","78","12.885438","3.8653809427E-07","cosine"
"round2_8epoch_cosine","lr5e-7","3","2","79","12.918238","3.8273491367E-07","cosine"
"round2_8epoch_cosine","lr5e-7","3","2","80","12.936947","3.8273491367E-07","cosine"
"round2_8epoch_cosine","lr5e-7","3","2","81","12.890351","3.8273491367E-07","cosine"
"round2_8epoch_cosine","lr5e-7","3","2","82","13.168719","3.8273491367E-07","cosine"
"round2_8epoch_cosine","lr5e-7","3","2","83","13.300959","3.7888846429E-07","cosine"
"round2_8epoch_cosine","lr5e-7","3","2","84","13.186973","3.7888846429E-07","cosine"
"round2_8epoch_cosine","lr5e-7","3","2","85","13.953242","3.7888846429E-07","cosine"
"round2_8epoch_cosine","lr5e-7","3","2","86","13.357738","3.7888846429E-07","cosine"
"round2_8epoch_cosine","lr5e-7","3","2","87","13.652733","3.75E-07","cosine"
"round2_8epoch_cosine","lr5e-7","3","2","88","12.827085","3.75E-07","cosine"
"round2_8epoch_cosine","lr5e-7","3","2","89","12.917521","3.7107078835E-07","cosine"
"round2_8epoch_cosine","lr5e-7","4","3","0","13.057447","3.7107078835E-07","cosine"
"round2_8epoch_cosine","lr5e-7","4","3","1","13.529288","3.7107078835E-07","cosine"
"round2_8epoch_cosine","lr5e-7","4","3","2","12.352295","3.7107078835E-07","cosine"
"round2_8epoch_cosine","lr5e-7","4","3","3","13.270414","3.6710211017E-07","cosine"
"round2_8epoch_cosine","lr5e-7","4","3","4","13.215622","3.6710211017E-07","cosine"
"round2_8epoch_cosine","lr5e-7","4","3","5","13.762226","3.6710211017E-07","cosine"
"round2_8epoch_cosine","lr5e-7","4","3","6","13.131307","3.6710211017E-07","cosine"
"round2_8epoch_cosine","lr5e-7","4","3","7","12.423749","3.6309525919E-07","cosine"
"round2_8epoch_cosine","lr5e-7","4","3","8","13.144778","3.6309525919E-07","cosine"
"round2_8epoch_cosine","lr5e-7","4","3","9","13.827489","3.6309525919E-07","cosine"
"round2_8epoch_cosine","lr5e-7","4","3","10","13.466311","3.6309525919E-07","cosine"
"round2_8epoch_cosine","lr5e-7","4","3","11","13.462786","3.5905154154E-07","cosine"
"round2_8epoch_cosine","lr5e-7","4","3","12","13.198364","3.5905154154E-07","cosine"
"round2_8epoch_cosine","lr5e-7","4","3","13","13.019566","3.5905154154E-07","cosine"
"round2_8epoch_cosine","lr5e-7","4","3","14","13.58396","3.5905154154E-07","cosine"
"round2_8epoch_cosine","lr5e-7","4","3","15","12.754145","3.5497227539E-07","cosine"
"round2_8epoch_cosine","lr5e-7","4","3","16","12.304869","3.5497227539E-07","cosine"
"round2_8epoch_cosine","lr5e-7","4","3","17","12.836731","3.5497227539E-07","cosine"
"round2_8epoch_cosine","lr5e-7","4","3","18","12.914794","3.5497227539E-07","cosine"
"round2_8epoch_cosine","lr5e-7","4","3","19","12.620424","3.508587905E-07","cosine"
"round2_8epoch_cosine","lr5e-7","4","3","20","13.38822","3.508587905E-07","cosine"
"round2_8epoch_cosine","lr5e-7","4","3","21","13.119888","3.508587905E-07","cosine"
"round2_8epoch_cosine","lr5e-7","4","3","22","13.2709","3.508587905E-07","cosine"
"round2_8epoch_cosine","lr5e-7","4","3","23","13.407606","3.4671242777E-07","cosine"
"round2_8epoch_cosine","lr5e-7","4","3","24","13.552752","3.4671242777E-07","cosine"
"round2_8epoch_cosine","lr5e-7","4","3","25","13.721339","3.4671242777E-07","cosine"
"round2_8epoch_cosine","lr5e-7","4","3","26","12.388927","3.4671242777E-07","cosine"
"round2_8epoch_cosine","lr5e-7","4","3","27","13.942623","3.4253453883E-07","cosine"
"round2_8epoch_cosine","lr5e-7","4","3","28","12.882037","3.4253453883E-07","cosine"
"round2_8epoch_cosine","lr5e-7","4","3","29","14.073381","3.4253453883E-07","cosine"
"round2_8epoch_cosine","lr5e-7","4","3","30","13.175226","3.4253453883E-07","cosine"
"round2_8epoch_cosine","lr5e-7","4","3","31","12.833718","3.383264856E-07","cosine"
"round2_8epoch_cosine","lr5e-7","4","3","32","13.682121","3.383264856E-07","cosine"
"round2_8epoch_cosine","lr5e-7","4","3","33","13.421269","3.383264856E-07","cosine"
"round2_8epoch_cosine","lr5e-7","4","3","34","13.140478","3.383264856E-07","cosine"
"round2_8epoch_cosine","lr5e-7","4","3","35","12.605909","3.3408963979E-07","cosine"
"round2_8epoch_cosine","lr5e-7","4","3","36","13.062155","3.3408963979E-07","cosine"
"round2_8epoch_cosine","lr5e-7","4","3","37","12.453107","3.3408963979E-07","cosine"
"round2_8epoch_cosine","lr5e-7","4","3","38","13.28811","3.3408963979E-07","cosine"
"round2_8epoch_cosine","lr5e-7","4","3","39","13.626958","3.2982538253E-07","cosine"
"round2_8epoch_cosine","lr5e-7","4","3","40","13.050419","3.2982538253E-07","cosine"
"round2_8epoch_cosine","lr5e-7","4","3","41","13.178531","3.2982538253E-07","cosine"
"round2_8epoch_cosine","lr5e-7","4","3","42","13.387706","3.2982538253E-07","cosine"
"round2_8epoch_cosine","lr5e-7","4","3","43","13.490149","3.2553510389E-07","cosine"
"round2_8epoch_cosine","lr5e-7","4","3","44","13.136658","3.2553510389E-07","cosine"
"round2_8epoch_cosine","lr5e-7","4","3","45","13.281909","3.2553510389E-07","cosine"
"round2_8epoch_cosine","lr5e-7","4","3","46","13.415333","3.2553510389E-07","cosine"
"round2_8epoch_cosine","lr5e-7","4","3","47","13.337077","3.212202024E-07","cosine"
"round2_8epoch_cosine","lr5e-7","4","3","48","13.814859","3.212202024E-07","cosine"
"round2_8epoch_cosine","lr5e-7","4","3","49","13.316536","3.212202024E-07","cosine"
"round2_8epoch_cosine","lr5e-7","4","3","50","13.231605","3.212202024E-07","cosine"
"round2_8epoch_cosine","lr5e-7","4","3","51","13.572187","3.1688208463E-07","cosine"
"round2_8epoch_cosine","lr5e-7","4","3","52","13.466674","3.1688208463E-07","cosine"
"round2_8epoch_cosine","lr5e-7","4","3","53","12.126176","3.1688208463E-07","cosine"
"round2_8epoch_cosine","lr5e-7","4","3","54","13.10043","3.1688208463E-07","cosine"
"round2_8epoch_cosine","lr5e-7","4","3","55","14.015938","3.1252216472E-07","cosine"
"round2_8epoch_cosine","lr5e-7","4","3","56","13.004114","3.1252216472E-07","cosine"
"round2_8epoch_cosine","lr5e-7","4","3","57","12.634556","3.1252216472E-07","cosine"
"round2_8epoch_cosine","lr5e-7","4","3","58","13.738389","3.1252216472E-07","cosine"
"round2_8epoch_cosine","lr5e-7","4","3","59","13.135164","3.0814186389E-07","cosine"
"round2_8epoch_cosine","lr5e-7","4","3","60","13.463438","3.0814186389E-07","cosine"
"round2_8epoch_cosine","lr5e-7","4","3","61","13.496668","3.0814186389E-07","cosine"
"round2_8epoch_cosine","lr5e-7","4","3","62","12.75908","3.0814186389E-07","cosine"
"round2_8epoch_cosine","lr5e-7","4","3","63","13.401734","3.0374261005E-07","cosine"
"round2_8epoch_cosine","lr5e-7","4","3","64","13.232416","3.0374261005E-07","cosine"
"round2_8epoch_cosine","lr5e-7","4","3","65","13.55418","3.0374261005E-07","cosine"
"round2_8epoch_cosine","lr5e-7","4","3","66","13.159517","3.0374261005E-07","cosine"
"round2_8epoch_cosine","lr5e-7","4","3","67","13.57463","2.9932583726E-07","cosine"
"round2_8epoch_cosine","lr5e-7","4","3","68","13.051744","2.9932583726E-07","cosine"
"round2_8epoch_cosine","lr5e-7","4","3","69","13.617308","2.9932583726E-07","cosine"
"round2_8epoch_cosine","lr5e-7","4","3","70","14.244617","2.9932583726E-07","cosine"
"round2_8epoch_cosine","lr5e-7","4","3","71","13.188885","2.9489298528E-07","cosine"
"round2_8epoch_cosine","lr5e-7","4","3","72","12.308892","2.9489298528E-07","cosine"
"round2_8epoch_cosine","lr5e-7","4","3","73","13.511541","2.9489298528E-07","cosine"
"round2_8epoch_cosine","lr5e-7","4","3","74","13.579934","2.9489298528E-07","cosine"
"round2_8epoch_cosine","lr5e-7","4","3","75","13.250211","2.9044549914E-07","cosine"
"round2_8epoch_cosine","lr5e-7","4","3","76","12.312492","2.9044549914E-07","cosine"
"round2_8epoch_cosine","lr5e-7","4","3","77","13.476014","2.9044549914E-07","cosine"
"round2_8epoch_cosine","lr5e-7","4","3","78","13.412121","2.9044549914E-07","cosine"
"round2_8epoch_cosine","lr5e-7","4","3","79","13.118052","2.8598482862E-07","cosine"
"round2_8epoch_cosine","lr5e-7","4","3","80","12.936628","2.8598482862E-07","cosine"
"round2_8epoch_cosine","lr5e-7","4","3","81","12.992395","2.8598482862E-07","cosine"
"round2_8epoch_cosine","lr5e-7","4","3","82","13.462886","2.8598482862E-07","cosine"
"round2_8epoch_cosine","lr5e-7","4","3","83","12.503929","2.8151242781E-07","cosine"
"round2_8epoch_cosine","lr5e-7","4","3","84","12.824769","2.8151242781E-07","cosine"
"round2_8epoch_cosine","lr5e-7","4","3","85","13.592976","2.8151242781E-07","cosine"
"round2_8epoch_cosine","lr5e-7","4","3","86","13.414463","2.8151242781E-07","cosine"
"round2_8epoch_cosine","lr5e-7","4","3","87","13.04841","2.7702975461E-07","cosine"
"round2_8epoch_cosine","lr5e-7","4","3","88","12.727591","2.7702975461E-07","cosine"
"round2_8epoch_cosine","lr5e-7","4","3","89","14.040753","2.7253827028E-07","cosine"
"round2_8epoch_cosine","lr5e-7","5","4","0","13.552529","2.7253827028E-07","cosine"
"round2_8epoch_cosine","lr5e-7","5","4","1","12.421637","2.7253827028E-07","cosine"
"round2_8epoch_cosine","lr5e-7","5","4","2","13.265438","2.7253827028E-07","cosine"
"round2_8epoch_cosine","lr5e-7","5","4","3","12.41655","2.6803943895E-07","cosine"
"round2_8epoch_cosine","lr5e-7","5","4","4","13.305859","2.6803943895E-07","cosine"
"round2_8epoch_cosine","lr5e-7","5","4","5","12.462847","2.6803943895E-07","cosine"
"round2_8epoch_cosine","lr5e-7","5","4","6","12.89928","2.6803943895E-07","cosine"
"round2_8epoch_cosine","lr5e-7","5","4","7","13.658063","2.6353472715E-07","cosine"
"round2_8epoch_cosine","lr5e-7","5","4","8","12.021149","2.6353472715E-07","cosine"
"round2_8epoch_cosine","lr5e-7","5","4","9","12.779847","2.6353472715E-07","cosine"
"round2_8epoch_cosine","lr5e-7","5","4","10","13.234136","2.6353472715E-07","cosine"
"round2_8epoch_cosine","lr5e-7","5","4","11","13.654102","2.5902560331E-07","cosine"
"round2_8epoch_cosine","lr5e-7","5","4","12","12.748213","2.5902560331E-07","cosine"
"round2_8epoch_cosine","lr5e-7","5","4","13","13.270621","2.5902560331E-07","cosine"
"round2_8epoch_cosine","lr5e-7","5","4","14","12.958908","2.5902560331E-07","cosine"
"round2_8epoch_cosine","lr5e-7","5","4","15","13.379166","2.5451353731E-07","cosine"
"round2_8epoch_cosine","lr5e-7","5","4","16","12.632247","2.5451353731E-07","cosine"
"round2_8epoch_cosine","lr5e-7","5","4","17","12.413478","2.5451353731E-07","cosine"
"round2_8epoch_cosine","lr5e-7","5","4","18","13.236504","2.5451353731E-07","cosine"
"round2_8epoch_cosine","lr5e-7","5","4","19","13.533571","2.5E-07","cosine"
"round2_8epoch_cosine","lr5e-7","5","4","20","13.258121","2.5E-07","cosine"
"round2_8epoch_cosine","lr5e-7","5","4","21","13.251747","2.5E-07","cosine"
"round2_8epoch_cosine","lr5e-7","5","4","22","12.844209","2.5E-07","cosine"
"round2_8epoch_cosine","lr5e-7","5","4","23","13.515461","2.4548646269E-07","cosine"
"round2_8epoch_cosine","lr5e-7","5","4","24","12.662183","2.4548646269E-07","cosine"
"round2_8epoch_cosine","lr5e-7","5","4","25","13.276755","2.4548646269E-07","cosine"
"round2_8epoch_cosine","lr5e-7","5","4","26","12.843936","2.4548646269E-07","cosine"
"round2_8epoch_cosine","lr5e-7","5","4","27","13.7785","2.4097439669E-07","cosine"
"round2_8epoch_cosine","lr5e-7","5","4","28","13.320305","2.4097439669E-07","cosine"
"round2_8epoch_cosine","lr5e-7","5","4","29","13.531186","2.4097439669E-07","cosine"
"round2_8epoch_cosine","lr5e-7","5","4","30","12.914312","2.4097439669E-07","cosine"
"round2_8epoch_cosine","lr5e-7","5","4","31","12.53739","2.3646527285E-07","cosine"
"round2_8epoch_cosine","lr5e-7","5","4","32","12.364967","2.3646527285E-07","cosine"
"round2_8epoch_cosine","lr5e-7","5","4","33","12.570057","2.3646527285E-07","cosine"
"round2_8epoch_cosine","lr5e-7","5","4","34","13.819485","2.3646527285E-07","cosine"
"round2_8epoch_cosine","lr5e-7","5","4","35","13.629847","2.3196056105E-07","cosine"
"round2_8epoch_cosine","lr5e-7","5","4","36","13.807632","2.3196056105E-07","cosine"
"round2_8epoch_cosine","lr5e-7","5","4","37","13.227374","2.3196056105E-07","cosine"
"round2_8epoch_cosine","lr5e-7","5","4","38","12.468127","2.3196056105E-07","cosine"
"round2_8epoch_cosine","lr5e-7","5","4","39","12.98823","2.2746172972E-07","cosine"
"round2_8epoch_cosine","lr5e-7","5","4","40","13.259222","2.2746172972E-07","cosine"
"round2_8epoch_cosine","lr5e-7","5","4","41","12.826791","2.2746172972E-07","cosine"
"round2_8epoch_cosine","lr5e-7","5","4","42","13.091899","2.2746172972E-07","cosine"
"round2_8epoch_cosine","lr5e-7","5","4","43","13.24941","2.2297024539E-07","cosine"
"round2_8epoch_cosine","lr5e-7","5","4","44","13.24885","2.2297024539E-07","cosine"
"round2_8epoch_cosine","lr5e-7","5","4","45","12.665226","2.2297024539E-07","cosine"
"round2_8epoch_cosine","lr5e-7","5","4","46","13.059436","2.2297024539E-07","cosine"
"round2_8epoch_cosine","lr5e-7","5","4","47","13.021934","2.1848757219E-07","cosine"
"round2_8epoch_cosine","lr5e-7","5","4","48","13.259809","2.1848757219E-07","cosine"
"round2_8epoch_cosine","lr5e-7","5","4","49","12.674404","2.1848757219E-07","cosine"
"round2_8epoch_cosine","lr5e-7","5","4","50","13.673385","2.1848757219E-07","cosine"
"round2_8epoch_cosine","lr5e-7","5","4","51","13.21419","2.1401517138E-07","cosine"
"round2_8epoch_cosine","lr5e-7","5","4","52","13.035834","2.1401517138E-07","cosine"
"round2_8epoch_cosine","lr5e-7","5","4","53","12.542312","2.1401517138E-07","cosine"
"round2_8epoch_cosine","lr5e-7","5","4","54","13.688972","2.1401517138E-07","cosine"
"round2_8epoch_cosine","lr5e-7","5","4","55","13.391248","2.0955450086E-07","cosine"
"round2_8epoch_cosine","lr5e-7","5","4","56","13.061455","2.0955450086E-07","cosine"
"round2_8epoch_cosine","lr5e-7","5","4","57","13.276618","2.0955450086E-07","cosine"
"round2_8epoch_cosine","lr5e-7","5","4","58","13.392738","2.0955450086E-07","cosine"
"round2_8epoch_cosine","lr5e-7","5","4","59","13.841511","2.0510701472E-07","cosine"
"round2_8epoch_cosine","lr5e-7","5","4","60","12.864876","2.0510701472E-07","cosine"
"round2_8epoch_cosine","lr5e-7","5","4","61","12.380484","2.0510701472E-07","cosine"
"round2_8epoch_cosine","lr5e-7","5","4","62","12.824694","2.0510701472E-07","cosine"
"round2_8epoch_cosine","lr5e-7","5","4","63","13.176085","2.0067416274E-07","cosine"
"round2_8epoch_cosine","lr5e-7","5","4","64","12.853315","2.0067416274E-07","cosine"
"round2_8epoch_cosine","lr5e-7","5","4","65","13.087784","2.0067416274E-07","cosine"
"round2_8epoch_cosine","lr5e-7","5","4","66","13.120712","2.0067416274E-07","cosine"
"round2_8epoch_cosine","lr5e-7","5","4","67","12.897239","1.9625738995E-07","cosine"
"round2_8epoch_cosine","lr5e-7","5","4","68","12.469823","1.9625738995E-07","cosine"
"round2_8epoch_cosine","lr5e-7","5","4","69","12.980951","1.9625738995E-07","cosine"
"round2_8epoch_cosine","lr5e-7","5","4","70","13.868974","1.9625738995E-07","cosine"
"round2_8epoch_cosine","lr5e-7","5","4","71","13.272793","1.9185813611E-07","cosine"
"round2_8epoch_cosine","lr5e-7","5","4","72","12.830825","1.9185813611E-07","cosine"
"round2_8epoch_cosine","lr5e-7","5","4","73","13.228752","1.9185813611E-07","cosine"
"round2_8epoch_cosine","lr5e-7","5","4","74","13.198049","1.9185813611E-07","cosine"
"round2_8epoch_cosine","lr5e-7","5","4","75","13.424255","1.8747783528E-07","cosine"
"round2_8epoch_cosine","lr5e-7","5","4","76","12.566315","1.8747783528E-07","cosine"
"round2_8epoch_cosine","lr5e-7","5","4","77","13.312426","1.8747783528E-07","cosine"
"round2_8epoch_cosine","lr5e-7","5","4","78","13.867653","1.8747783528E-07","cosine"
"round2_8epoch_cosine","lr5e-7","5","4","79","12.324017","1.8311791537E-07","cosine"
"round2_8epoch_cosine","lr5e-7","5","4","80","12.326051","1.8311791537E-07","cosine"
"round2_8epoch_cosine","lr5e-7","5","4","81","12.807712","1.8311791537E-07","cosine"
"round2_8epoch_cosine","lr5e-7","5","4","82","12.340381","1.8311791537E-07","cosine"
"round2_8epoch_cosine","lr5e-7","5","4","83","13.241967","1.787797976E-07","cosine"
"round2_8epoch_cosine","lr5e-7","5","4","84","13.488927","1.787797976E-07","cosine"
"round2_8epoch_cosine","lr5e-7","5","4","85","13.428304","1.787797976E-07","cosine"
"round2_8epoch_cosine","lr5e-7","5","4","86","12.473121","1.787797976E-07","cosine"
"round2_8epoch_cosine","lr5e-7","5","4","87","13.255222","1.7446489611E-07","cosine"
"round2_8epoch_cosine","lr5e-7","5","4","88","13.042152","1.7446489611E-07","cosine"
"round2_8epoch_cosine","lr5e-7","5","4","89","13.399964","1.7017461747E-07","cosine"
"round2_8epoch_cosine","lr5e-7","6","5","0","13.368762","1.7017461747E-07","cosine"
"round2_8epoch_cosine","lr5e-7","6","5","1","12.639312","1.7017461747E-07","cosine"
"round2_8epoch_cosine","lr5e-7","6","5","2","12.8873","1.7017461747E-07","cosine"
"round2_8epoch_cosine","lr5e-7","6","5","3","12.766542","1.6591036021E-07","cosine"
"round2_8epoch_cosine","lr5e-7","6","5","4","13.223757","1.6591036021E-07","cosine"
"round2_8epoch_cosine","lr5e-7","6","5","5","13.102068","1.6591036021E-07","cosine"
"round2_8epoch_cosine","lr5e-7","6","5","6","13.376298","1.6591036021E-07","cosine"
"round2_8epoch_cosine","lr5e-7","6","5","7","12.912928","1.616735144E-07","cosine"
"round2_8epoch_cosine","lr5e-7","6","5","8","12.783544","1.616735144E-07","cosine"
"round2_8epoch_cosine","lr5e-7","6","5","9","13.738842","1.616735144E-07","cosine"
"round2_8epoch_cosine","lr5e-7","6","5","10","13.38801","1.616735144E-07","cosine"
"round2_8epoch_cosine","lr5e-7","6","5","11","13.27561","1.5746546117E-07","cosine"
"round2_8epoch_cosine","lr5e-7","6","5","12","12.762045","1.5746546117E-07","cosine"
"round2_8epoch_cosine","lr5e-7","6","5","13","13.418148","1.5746546117E-07","cosine"
"round2_8epoch_cosine","lr5e-7","6","5","14","13.468922","1.5746546117E-07","cosine"
"round2_8epoch_cosine","lr5e-7","6","5","15","13.186562","1.5328757223E-07","cosine"
"round2_8epoch_cosine","lr5e-7","6","5","16","12.91297","1.5328757223E-07","cosine"
"round2_8epoch_cosine","lr5e-7","6","5","17","13.130013","1.5328757223E-07","cosine"
"round2_8epoch_cosine","lr5e-7","6","5","18","12.483162","1.5328757223E-07","cosine"
"round2_8epoch_cosine","lr5e-7","6","5","19","12.364705","1.491412095E-07","cosine"
"round2_8epoch_cosine","lr5e-7","6","5","20","13.144309","1.491412095E-07","cosine"
"round2_8epoch_cosine","lr5e-7","6","5","21","12.712694","1.491412095E-07","cosine"
"round2_8epoch_cosine","lr5e-7","6","5","22","12.900414","1.491412095E-07","cosine"
"round2_8epoch_cosine","lr5e-7","6","5","23","12.742885","1.4502772461E-07","cosine"
"round2_8epoch_cosine","lr5e-7","6","5","24","13.671009","1.4502772461E-07","cosine"
"round2_8epoch_cosine","lr5e-7","6","5","25","12.520937","1.4502772461E-07","cosine"
"round2_8epoch_cosine","lr5e-7","6","5","26","12.909491","1.4502772461E-07","cosine"
"round2_8epoch_cosine","lr5e-7","6","5","27","13.174915","1.4094845846E-07","cosine"
"round2_8epoch_cosine","lr5e-7","6","5","28","13.333903","1.4094845846E-07","cosine"
"round2_8epoch_cosine","lr5e-7","6","5","29","12.247405","1.4094845846E-07","cosine"
"round2_8epoch_cosine","lr5e-7","6","5","30","12.394691","1.4094845846E-07","cosine"
"round2_8epoch_cosine","lr5e-7","6","5","31","13.524796","1.3690474081E-07","cosine"
"round2_8epoch_cosine","lr5e-7","6","5","32","12.977403","1.3690474081E-07","cosine"
"round2_8epoch_cosine","lr5e-7","6","5","33","13.752579","1.3690474081E-07","cosine"
"round2_8epoch_cosine","lr5e-7","6","5","34","13.216825","1.3690474081E-07","cosine"
"round2_8epoch_cosine","lr5e-7","6","5","35","12.551789","1.3289788983E-07","cosine"
"round2_8epoch_cosine","lr5e-7","6","5","36","12.941389","1.3289788983E-07","cosine"
"round2_8epoch_cosine","lr5e-7","6","5","37","13.674469","1.3289788983E-07","cosine"
"round2_8epoch_cosine","lr5e-7","6","5","38","13.34863","1.3289788983E-07","cosine"
"round2_8epoch_cosine","lr5e-7","6","5","39","12.625232","1.2892921165E-07","cosine"
"round2_8epoch_cosine","lr5e-7","6","5","40","13.554101","1.2892921165E-07","cosine"
"round2_8epoch_cosine","lr5e-7","6","5","41","12.628916","1.2892921165E-07","cosine"
"round2_8epoch_cosine","lr5e-7","6","5","42","12.793447","1.2892921165E-07","cosine"
"round2_8epoch_cosine","lr5e-7","6","5","43","12.811666","1.25E-07","cosine"
"round2_8epoch_cosine","lr5e-7","6","5","44","13.231644","1.25E-07","cosine"
"round2_8epoch_cosine","lr5e-7","6","5","45","13.277143","1.25E-07","cosine"
"round2_8epoch_cosine","lr5e-7","6","5","46","13.148558","1.25E-07","cosine"
"round2_8epoch_cosine","lr5e-7","6","5","47","13.448032","1.2111153571E-07","cosine"
"round2_8epoch_cosine","lr5e-7","6","5","48","12.437818","1.2111153571E-07","cosine"
"round2_8epoch_cosine","lr5e-7","6","5","49","13.387533","1.2111153571E-07","cosine"
"round2_8epoch_cosine","lr5e-7","6","5","50","12.909933","1.2111153571E-07","cosine"
"round2_8epoch_cosine","lr5e-7","6","5","51","12.950796","1.1726508633E-07","cosine"
"round2_8epoch_cosine","lr5e-7","6","5","52","12.965647","1.1726508633E-07","cosine"
"round2_8epoch_cosine","lr5e-7","6","5","53","13.783889","1.1726508633E-07","cosine"
"round2_8epoch_cosine","lr5e-7","6","5","54","13.307829","1.1726508633E-07","cosine"
"round2_8epoch_cosine","lr5e-7","6","5","55","12.187624","1.1346190573E-07","cosine"
"round2_8epoch_cosine","lr5e-7","6","5","56","12.610341","1.1346190573E-07","cosine"
"round2_8epoch_cosine","lr5e-7","6","5","57","12.942752","1.1346190573E-07","cosine"
"round2_8epoch_cosine","lr5e-7","6","5","58","12.702496","1.1346190573E-07","cosine"
"round2_8epoch_cosine","lr5e-7","6","5","59","13.64797","1.0970323366E-07","cosine"
"round2_8epoch_cosine","lr5e-7","6","5","60","12.747151","1.0970323366E-07","cosine"
"round2_8epoch_cosine","lr5e-7","6","5","61","12.519163","1.0970323366E-07","cosine"
"round2_8epoch_cosine","lr5e-7","6","5","62","12.798344","1.0970323366E-07","cosine"
"round2_8epoch_cosine","lr5e-7","6","5","63","13.313639","1.0599029537E-07","cosine"
"round2_8epoch_cosine","lr5e-7","6","5","64","12.858449","1.0599029537E-07","cosine"
"round2_8epoch_cosine","lr5e-7","6","5","65","12.82859","1.0599029537E-07","cosine"
"round2_8epoch_cosine","lr5e-7","6","5","66","12.32652","1.0599029537E-07","cosine"
"round2_8epoch_cosine","lr5e-7","6","5","67","13.440012","1.0232430121E-07","cosine"
"round2_8epoch_cosine","lr5e-7","6","5","68","12.190238","1.0232430121E-07","cosine"
"round2_8epoch_cosine","lr5e-7","6","5","69","11.935509","1.0232430121E-07","cosine"
"round2_8epoch_cosine","lr5e-7","6","5","70","12.445641","1.0232430121E-07","cosine"
"round2_8epoch_cosine","lr5e-7","6","5","71","13.453564","9.8706446202E-08","cosine"
"round2_8epoch_cosine","lr5e-7","6","5","72","13.433852","9.8706446202E-08","cosine"
"round2_8epoch_cosine","lr5e-7","6","5","73","13.231879","9.8706446202E-08","cosine"
"round2_8epoch_cosine","lr5e-7","6","5","74","13.081857","9.8706446202E-08","cosine"
"round2_8epoch_cosine","lr5e-7","6","5","75","13.829596","9.5137909696E-08","cosine"
"round2_8epoch_cosine","lr5e-7","6","5","76","12.656122","9.5137909696E-08","cosine"
"round2_8epoch_cosine","lr5e-7","6","5","77","13.824766","9.5137909696E-08","cosine"
"round2_8epoch_cosine","lr5e-7","6","5","78","13.260364","9.5137909696E-08","cosine"
"round2_8epoch_cosine","lr5e-7","6","5","79","13.448733","9.161985496E-08","cosine"
"round2_8epoch_cosine","lr5e-7","6","5","80","13.237509","9.161985496E-08","cosine"
"round2_8epoch_cosine","lr5e-7","6","5","81","13.131944","9.161985496E-08","cosine"
"round2_8epoch_cosine","lr5e-7","6","5","82","13.723624","9.161985496E-08","cosine"
"round2_8epoch_cosine","lr5e-7","6","5","83","12.114759","8.8153428805E-08","cosine"
"round2_8epoch_cosine","lr5e-7","6","5","84","12.801708","8.8153428805E-08","cosine"
"round2_8epoch_cosine","lr5e-7","6","5","85","13.396238","8.8153428805E-08","cosine"
"round2_8epoch_cosine","lr5e-7","6","5","86","13.493649","8.8153428805E-08","cosine"
"round2_8epoch_cosine","lr5e-7","6","5","87","12.548925","8.4739761212E-08","cosine"
"round2_8epoch_cosine","lr5e-7","6","5","88","13.417305","8.4739761212E-08","cosine"
"round2_8epoch_cosine","lr5e-7","6","5","89","12.258574","8.1379964965E-08","cosine"
"round2_8epoch_cosine","lr5e-7","7","6","0","13.472771","8.1379964965E-08","cosine"
"round2_8epoch_cosine","lr5e-7","7","6","1","13.810486","8.1379964965E-08","cosine"
"round2_8epoch_cosine","lr5e-7","7","6","2","13.378542","8.1379964965E-08","cosine"
"round2_8epoch_cosine","lr5e-7","7","6","3","12.228942","7.8075135287E-08","cosine"
"round2_8epoch_cosine","lr5e-7","7","6","4","13.271286","7.8075135287E-08","cosine"
"round2_8epoch_cosine","lr5e-7","7","6","5","13.559982","7.8075135287E-08","cosine"
"round2_8epoch_cosine","lr5e-7","7","6","6","13.353167","7.8075135287E-08","cosine"
"round2_8epoch_cosine","lr5e-7","7","6","7","13.559111","7.4826349482E-08","cosine"
"round2_8epoch_cosine","lr5e-7","7","6","8","12.956519","7.4826349482E-08","cosine"
"round2_8epoch_cosine","lr5e-7","7","6","9","12.347745","7.4826349482E-08","cosine"
"round2_8epoch_cosine","lr5e-7","7","6","10","12.876005","7.4826349482E-08","cosine"
"round2_8epoch_cosine","lr5e-7","7","6","11","13.79294","7.1634666585E-08","cosine"
"round2_8epoch_cosine","lr5e-7","7","6","12","12.260573","7.1634666585E-08","cosine"
"round2_8epoch_cosine","lr5e-7","7","6","13","13.44946","7.1634666585E-08","cosine"
"round2_8epoch_cosine","lr5e-7","7","6","14","13.079111","7.1634666585E-08","cosine"
"round2_8epoch_cosine","lr5e-7","7","6","15","13.00395","6.8501127019E-08","cosine"
"round2_8epoch_cosine","lr5e-7","7","6","16","12.842258","6.8501127019E-08","cosine"
"round2_8epoch_cosine","lr5e-7","7","6","17","13.533116","6.8501127019E-08","cosine"
"round2_8epoch_cosine","lr5e-7","7","6","18","13.370813","6.8501127019E-08","cosine"
"round2_8epoch_cosine","lr5e-7","7","6","19","12.416003","6.5426752251E-08","cosine"
"round2_8epoch_cosine","lr5e-7","7","6","20","13.177881","6.5426752251E-08","cosine"
"round2_8epoch_cosine","lr5e-7","7","6","21","12.25233","6.5426752251E-08","cosine"
"round2_8epoch_cosine","lr5e-7","7","6","22","12.145149","6.5426752251E-08","cosine"
"round2_8epoch_cosine","lr5e-7","7","6","23","12.787765","6.2412544461E-08","cosine"
"round2_8epoch_cosine","lr5e-7","7","6","24","12.96722","6.2412544461E-08","cosine"
"round2_8epoch_cosine","lr5e-7","7","6","25","13.478303","6.2412544461E-08","cosine"
"round2_8epoch_cosine","lr5e-7","7","6","26","13.669922","6.2412544461E-08","cosine"
"round2_8epoch_cosine","lr5e-7","7","6","27","13.005388","5.9459486218E-08","cosine"
"round2_8epoch_cosine","lr5e-7","7","6","28","13.280814","5.9459486218E-08","cosine"
"round2_8epoch_cosine","lr5e-7","7","6","29","13.001519","5.9459486218E-08","cosine"
"round2_8epoch_cosine","lr5e-7","7","6","30","12.24615","5.9459486218E-08","cosine"
"round2_8epoch_cosine","lr5e-7","7","6","31","13.350979","5.6568540157E-08","cosine"
"round2_8epoch_cosine","lr5e-7","7","6","32","12.511602","5.6568540157E-08","cosine"
"round2_8epoch_cosine","lr5e-7","7","6","33","11.814219","5.6568540157E-08","cosine"
"round2_8epoch_cosine","lr5e-7","7","6","34","12.973057","5.6568540157E-08","cosine"
"round2_8epoch_cosine","lr5e-7","7","6","35","13.134167","5.3740648664E-08","cosine"
"round2_8epoch_cosine","lr5e-7","7","6","36","12.179718","5.3740648664E-08","cosine"
"round2_8epoch_cosine","lr5e-7","7","6","37","12.94171","5.3740648664E-08","cosine"
"round2_8epoch_cosine","lr5e-7","7","6","38","13.098557","5.3740648664E-08","cosine"
"round2_8epoch_cosine","lr5e-7","7","6","39","12.514278","5.0976733574E-08","cosine"
"round2_8epoch_cosine","lr5e-7","7","6","40","12.652618","5.0976733574E-08","cosine"
"round2_8epoch_cosine","lr5e-7","7","6","41","12.452309","5.0976733574E-08","cosine"
"round2_8epoch_cosine","lr5e-7","7","6","42","13.47539","5.0976733574E-08","cosine"
"round2_8epoch_cosine","lr5e-7","7","6","43","13.0372","4.8277695862E-08","cosine"
"round2_8epoch_cosine","lr5e-7","7","6","44","12.203905","4.8277695862E-08","cosine"
"round2_8epoch_cosine","lr5e-7","7","6","45","13.122874","4.8277695862E-08","cosine"
"round2_8epoch_cosine","lr5e-7","7","6","46","12.476089","4.8277695862E-08","cosine"
"round2_8epoch_cosine","lr5e-7","7","6","47","13.049182","4.564441536E-08","cosine"
"round2_8epoch_cosine","lr5e-7","7","6","48","13.432907","4.564441536E-08","cosine"
"round2_8epoch_cosine","lr5e-7","7","6","49","12.080482","4.564441536E-08","cosine"
"round2_8epoch_cosine","lr5e-7","7","6","50","13.11824","4.564441536E-08","cosine"
"round2_8epoch_cosine","lr5e-7","7","6","51","13.437952","4.3077750461E-08","cosine"
"round2_8epoch_cosine","lr5e-7","7","6","52","12.494534","4.3077750461E-08","cosine"
"round2_8epoch_cosine","lr5e-7","7","6","53","13.106174","4.3077750461E-08","cosine"
"round2_8epoch_cosine","lr5e-7","7","6","54","12.312183","4.3077750461E-08","cosine"
"round2_8epoch_cosine","lr5e-7","7","6","55","13.309467","4.0578537843E-08","cosine"
"round2_8epoch_cosine","lr5e-7","7","6","56","13.598225","4.0578537843E-08","cosine"
"round2_8epoch_cosine","lr5e-7","7","6","57","12.993647","4.0578537843E-08","cosine"
"round2_8epoch_cosine","lr5e-7","7","6","58","13.440793","4.0578537843E-08","cosine"
"round2_8epoch_cosine","lr5e-7","7","6","59","13.388434","3.8147592196E-08","cosine"
"round2_8epoch_cosine","lr5e-7","7","6","60","12.690426","3.8147592196E-08","cosine"
"round2_8epoch_cosine","lr5e-7","7","6","61","12.900759","3.8147592196E-08","cosine"
"round2_8epoch_cosine","lr5e-7","7","6","62","13.535286","3.8147592196E-08","cosine"
"round2_8epoch_cosine","lr5e-7","7","6","63","12.720941","3.5785705958E-08","cosine"
"round2_8epoch_cosine","lr5e-7","7","6","64","12.987346","3.5785705958E-08","cosine"
"round2_8epoch_cosine","lr5e-7","7","6","65","13.216683","3.5785705958E-08","cosine"
"round2_8epoch_cosine","lr5e-7","7","6","66","13.08527","3.5785705958E-08","cosine"
"round2_8epoch_cosine","lr5e-7","7","6","67","12.686728","3.3493649054E-08","cosine"
"round2_8epoch_cosine","lr5e-7","7","6","68","12.276916","3.3493649054E-08","cosine"
"round2_8epoch_cosine","lr5e-7","7","6","69","12.719091","3.3493649054E-08","cosine"
"round2_8epoch_cosine","lr5e-7","7","6","70","13.620266","3.3493649054E-08","cosine"
"round2_8epoch_cosine","lr5e-7","7","6","71","12.999461","3.1272168645E-08","cosine"
"round2_8epoch_cosine","lr5e-7","7","6","72","12.873526","3.1272168645E-08","cosine"
"round2_8epoch_cosine","lr5e-7","7","6","73","13.543571","3.1272168645E-08","cosine"
"round2_8epoch_cosine","lr5e-7","7","6","74","13.256097","3.1272168645E-08","cosine"
"round2_8epoch_cosine","lr5e-7","7","6","75","13.191957","2.9121988888E-08","cosine"
"round2_8epoch_cosine","lr5e-7","7","6","76","12.636912","2.9121988888E-08","cosine"
"round2_8epoch_cosine","lr5e-7","7","6","77","12.003621","2.9121988888E-08","cosine"
"round2_8epoch_cosine","lr5e-7","7","6","78","12.677662","2.9121988888E-08","cosine"
"round2_8epoch_cosine","lr5e-7","7","6","79","13.381222","2.7043810696E-08","cosine"
"round2_8epoch_cosine","lr5e-7","7","6","80","13.124431","2.7043810696E-08","cosine"
"round2_8epoch_cosine","lr5e-7","7","6","81","13.821561","2.7043810696E-08","cosine"
"round2_8epoch_cosine","lr5e-7","7","6","82","13.043425","2.7043810696E-08","cosine"
"round2_8epoch_cosine","lr5e-7","7","6","83","13.956966","2.5038311511E-08","cosine"
"round2_8epoch_cosine","lr5e-7","7","6","84","13.482403","2.5038311511E-08","cosine"
"round2_8epoch_cosine","lr5e-7","7","6","85","13.211537","2.5038311511E-08","cosine"
"round2_8epoch_cosine","lr5e-7","7","6","86","13.283078","2.5038311511E-08","cosine"
"round2_8epoch_cosine","lr5e-7","7","6","87","13.131392","2.3106145082E-08","cosine"
"round2_8epoch_cosine","lr5e-7","7","6","88","12.919325","2.3106145082E-08","cosine"
"round2_8epoch_cosine","lr5e-7","7","6","89","13.212302","2.1247941256E-08","cosine"
"round2_8epoch_cosine","lr5e-7","8","7","0","12.918324","2.1247941256E-08","cosine"
"round2_8epoch_cosine","lr5e-7","8","7","1","12.498555","2.1247941256E-08","cosine"
"round2_8epoch_cosine","lr5e-7","8","7","2","12.735285","2.1247941256E-08","cosine"
"round2_8epoch_cosine","lr5e-7","8","7","3","12.130156","1.9464305769E-08","cosine"
"round2_8epoch_cosine","lr5e-7","8","7","4","12.384418","1.9464305769E-08","cosine"
"round2_8epoch_cosine","lr5e-7","8","7","5","12.497162","1.9464305769E-08","cosine"
"round2_8epoch_cosine","lr5e-7","8","7","6","12.927113","1.9464305769E-08","cosine"
"round2_8epoch_cosine","lr5e-7","8","7","7","13.153441","1.7755820046E-08","cosine"
"round2_8epoch_cosine","lr5e-7","8","7","8","13.588317","1.7755820046E-08","cosine"
"round2_8epoch_cosine","lr5e-7","8","7","9","13.483686","1.7755820046E-08","cosine"
"round2_8epoch_cosine","lr5e-7","8","7","10","13.339267","1.7755820046E-08","cosine"
"round2_8epoch_cosine","lr5e-7","8","7","11","12.289005","1.6123041019E-08","cosine"
"round2_8epoch_cosine","lr5e-7","8","7","12","13.559336","1.6123041019E-08","cosine"
"round2_8epoch_cosine","lr5e-7","8","7","13","13.340242","1.6123041019E-08","cosine"
"round2_8epoch_cosine","lr5e-7","8","7","14","13.499662","1.6123041019E-08","cosine"
"round2_8epoch_cosine","lr5e-7","8","7","15","13.011772","1.4566500938E-08","cosine"
"round2_8epoch_cosine","lr5e-7","8","7","16","12.862988","1.4566500938E-08","cosine"
"round2_8epoch_cosine","lr5e-7","8","7","17","13.263912","1.4566500938E-08","cosine"
"round2_8epoch_cosine","lr5e-7","8","7","18","13.266376","1.4566500938E-08","cosine"
"round2_8epoch_cosine","lr5e-7","8","7","19","12.764088","1.3086707204E-08","cosine"
"round2_8epoch_cosine","lr5e-7","8","7","20","13.429917","1.3086707204E-08","cosine"
"round2_8epoch_cosine","lr5e-7","8","7","21","12.861899","1.3086707204E-08","cosine"
"round2_8epoch_cosine","lr5e-7","8","7","22","13.859765","1.3086707204E-08","cosine"
"round2_8epoch_cosine","lr5e-7","8","7","23","12.336724","1.1684142198E-08","cosine"
"round2_8epoch_cosine","lr5e-7","8","7","24","12.91569","1.1684142198E-08","cosine"
"round2_8epoch_cosine","lr5e-7","8","7","25","12.80083","1.1684142198E-08","cosine"
"round2_8epoch_cosine","lr5e-7","8","7","26","13.056028","1.1684142198E-08","cosine"
"round2_8epoch_cosine","lr5e-7","8","7","27","13.708881","1.0359263126E-08","cosine"
"round2_8epoch_cosine","lr5e-7","8","7","28","11.900265","1.0359263126E-08","cosine"
"round2_8epoch_cosine","lr5e-7","8","7","29","12.912315","1.0359263126E-08","cosine"
"round2_8epoch_cosine","lr5e-7","8","7","30","13.249685","1.0359263126E-08","cosine"
"round2_8epoch_cosine","lr5e-7","8","7","31","13.423693","9.1125018702E-09","cosine"
"round2_8epoch_cosine","lr5e-7","8","7","32","13.342191","9.1125018702E-09","cosine"
"round2_8epoch_cosine","lr5e-7","8","7","33","12.371715","9.1125018702E-09","cosine"
"round2_8epoch_cosine","lr5e-7","8","7","34","13.686762","9.1125018702E-09","cosine"
"round2_8epoch_cosine","lr5e-7","8","7","35","13.882897","7.9442648494E-09","cosine"
"round2_8epoch_cosine","lr5e-7","8","7","36","12.473717","7.9442648494E-09","cosine"
"round2_8epoch_cosine","lr5e-7","8","7","37","13.158886","7.9442648494E-09","cosine"
"round2_8epoch_cosine","lr5e-7","8","7","38","13.464622","7.9442648494E-09","cosine"
"round2_8epoch_cosine","lr5e-7","8","7","39","13.11381","6.8549328837E-09","cosine"
"round2_8epoch_cosine","lr5e-7","8","7","40","13.472135","6.8549328837E-09","cosine"
"round2_8epoch_cosine","lr5e-7","8","7","41","12.988444","6.8549328837E-09","cosine"
"round2_8epoch_cosine","lr5e-7","8","7","42","12.163148","6.8549328837E-09","cosine"
"round2_8epoch_cosine","lr5e-7","8","7","43","12.197091","5.8448610725E-09","cosine"
"round2_8epoch_cosine","lr5e-7","8","7","44","13.402526","5.8448610725E-09","cosine"
"round2_8epoch_cosine","lr5e-7","8","7","45","12.442514","5.8448610725E-09","cosine"
"round2_8epoch_cosine","lr5e-7","8","7","46","13.355212","5.8448610725E-09","cosine"
"round2_8epoch_cosine","lr5e-7","8","7","47","13.402209","4.9143786777E-09","cosine"
"round2_8epoch_cosine","lr5e-7","8","7","48","12.230685","4.9143786777E-09","cosine"
"round2_8epoch_cosine","lr5e-7","8","7","49","13.01692","4.9143786777E-09","cosine"
"round2_8epoch_cosine","lr5e-7","8","7","50","13.289002","4.9143786777E-09","cosine"
"round2_8epoch_cosine","lr5e-7","8","7","51","13.327686","4.063789017E-09","cosine"
"round2_8epoch_cosine","lr5e-7","8","7","52","12.713861","4.063789017E-09","cosine"
"round2_8epoch_cosine","lr5e-7","8","7","53","12.4365","4.063789017E-09","cosine"
"round2_8epoch_cosine","lr5e-7","8","7","54","12.790947","4.063789017E-09","cosine"
"round2_8epoch_cosine","lr5e-7","8","7","55","13.000774","3.2933693646E-09","cosine"
"round2_8epoch_cosine","lr5e-7","8","7","56","13.233143","3.2933693646E-09","cosine"
"round2_8epoch_cosine","lr5e-7","8","7","57","12.843922","3.2933693646E-09","cosine"
"round2_8epoch_cosine","lr5e-7","8","7","58","13.365645","3.2933693646E-09","cosine"
"round2_8epoch_cosine","lr5e-7","8","7","59","13.393486","2.6033708611E-09","cosine"
"round2_8epoch_cosine","lr5e-7","8","7","60","12.921795","2.6033708611E-09","cosine"
"round2_8epoch_cosine","lr5e-7","8","7","61","13.358788","2.6033708611E-09","cosine"
"round2_8epoch_cosine","lr5e-7","8","7","62","12.873354","2.6033708611E-09","cosine"
"round2_8epoch_cosine","lr5e-7","8","7","63","12.657284","1.9940184313E-09","cosine"
"round2_8epoch_cosine","lr5e-7","8","7","64","13.479884","1.9940184313E-09","cosine"
"round2_8epoch_cosine","lr5e-7","8","7","65","12.731606","1.9940184313E-09","cosine"
"round2_8epoch_cosine","lr5e-7","8","7","66","12.252485","1.9940184313E-09","cosine"
"round2_8epoch_cosine","lr5e-7","8","7","67","12.799445","1.4655107114E-09","cosine"
"round2_8epoch_cosine","lr5e-7","8","7","68","12.120231","1.4655107114E-09","cosine"
"round2_8epoch_cosine","lr5e-7","8","7","69","12.325526","1.4655107114E-09","cosine"
"round2_8epoch_cosine","lr5e-7","8","7","70","13.138308","1.4655107114E-09","cosine"
"round2_8epoch_cosine","lr5e-7","8","7","71","13.812371","1.0180199836E-09","cosine"
"round2_8epoch_cosine","lr5e-7","8","7","72","13.125129","1.0180199836E-09","cosine"
"round2_8epoch_cosine","lr5e-7","8","7","73","12.922285","1.0180199836E-09","cosine"
"round2_8epoch_cosine","lr5e-7","8","7","74","12.581561","1.0180199836E-09","cosine"
"round2_8epoch_cosine","lr5e-7","8","7","75","12.941684","6.5169212051E-10","cosine"
"round2_8epoch_cosine","lr5e-7","8","7","76","13.104794","6.5169212051E-10","cosine"
"round2_8epoch_cosine","lr5e-7","8","7","77","13.482278","6.5169212051E-10","cosine"
"round2_8epoch_cosine","lr5e-7","8","7","78","12.845455","6.5169212051E-10","cosine"
"round2_8epoch_cosine","lr5e-7","8","7","79","13.358748","3.6664653722E-10","cosine"
"round2_8epoch_cosine","lr5e-7","8","7","80","12.847364","3.6664653722E-10","cosine"
"round2_8epoch_cosine","lr5e-7","8","7","81","12.35794","3.6664653722E-10","cosine"
"round2_8epoch_cosine","lr5e-7","8","7","82","13.155553","3.6664653722E-10","cosine"
"round2_8epoch_cosine","lr5e-7","8","7","83","13.237155","1.6297615258E-10","cosine"
"round2_8epoch_cosine","lr5e-7","8","7","84","13.735718","1.6297615258E-10","cosine"
"round2_8epoch_cosine","lr5e-7","8","7","85","13.453367","1.6297615258E-10","cosine"
"round2_8epoch_cosine","lr5e-7","8","7","86","12.850014","1.6297615258E-10","cosine"
"round2_8epoch_cosine","lr5e-7","8","7","87","13.443683","4.074735884E-11","cosine"
"round2_8epoch_cosine","lr5e-7","8","7","88","12.710173","4.074735884E-11","cosine"
"round2_8epoch_cosine","lr5e-7","8","7","89","12.547425","0","cosine"
"round2_8epoch_cosine","lr1e-6","1","0","0","15.13411","0","cosine"
"round2_8epoch_cosine","lr1e-6","1","0","1","15.065191","0","cosine"
"round2_8epoch_cosine","lr1e-6","1","0","2","14.668519","0","cosine"
"round2_8epoch_cosine","lr1e-6","1","0","3","14.709749","1E-07","cosine"
"round2_8epoch_cosine","lr1e-6","1","0","4","14.25516","1E-07","cosine"
"round2_8epoch_cosine","lr1e-6","1","0","5","15.140528","1E-07","cosine"
"round2_8epoch_cosine","lr1e-6","1","0","6","14.436814","1E-07","cosine"
"round2_8epoch_cosine","lr1e-6","1","0","7","14.409559","2E-07","cosine"
"round2_8epoch_cosine","lr1e-6","1","0","8","14.417745","2E-07","cosine"
"round2_8epoch_cosine","lr1e-6","1","0","9","14.964363","2E-07","cosine"
"round2_8epoch_cosine","lr1e-6","1","0","10","13.850403","2E-07","cosine"
"round2_8epoch_cosine","lr1e-6","1","0","11","14.435867","3E-07","cosine"
"round2_8epoch_cosine","lr1e-6","1","0","12","14.532265","3E-07","cosine"
"round2_8epoch_cosine","lr1e-6","1","0","13","14.886342","3E-07","cosine"
"round2_8epoch_cosine","lr1e-6","1","0","14","15.629091","3E-07","cosine"
"round2_8epoch_cosine","lr1e-6","1","0","15","13.544845","4E-07","cosine"
"round2_8epoch_cosine","lr1e-6","1","0","16","15.222803","4E-07","cosine"
"round2_8epoch_cosine","lr1e-6","1","0","17","14.325145","4E-07","cosine"
"round2_8epoch_cosine","lr1e-6","1","0","18","14.698563","4E-07","cosine"
"round2_8epoch_cosine","lr1e-6","1","0","19","13.937313","5E-07","cosine"
"round2_8epoch_cosine","lr1e-6","1","0","20","13.889777","5E-07","cosine"
"round2_8epoch_cosine","lr1e-6","1","0","21","14.450943","5E-07","cosine"
"round2_8epoch_cosine","lr1e-6","1","0","22","14.014809","5E-07","cosine"
"round2_8epoch_cosine","lr1e-6","1","0","23","15.319286","6E-07","cosine"
"round2_8epoch_cosine","lr1e-6","1","0","24","14.5169","6E-07","cosine"
"round2_8epoch_cosine","lr1e-6","1","0","25","14.587424","6E-07","cosine"
"round2_8epoch_cosine","lr1e-6","1","0","26","14.275865","6E-07","cosine"
"round2_8epoch_cosine","lr1e-6","1","0","27","14.561666","7E-07","cosine"
"round2_8epoch_cosine","lr1e-6","1","0","28","13.968166","7E-07","cosine"
"round2_8epoch_cosine","lr1e-6","1","0","29","13.535854","7E-07","cosine"
"round2_8epoch_cosine","lr1e-6","1","0","30","15.057357","7E-07","cosine"
"round2_8epoch_cosine","lr1e-6","1","0","31","13.959123","8E-07","cosine"
"round2_8epoch_cosine","lr1e-6","1","0","32","14.040579","8E-07","cosine"
"round2_8epoch_cosine","lr1e-6","1","0","33","14.167548","8E-07","cosine"
"round2_8epoch_cosine","lr1e-6","1","0","34","14.30214","8E-07","cosine"
"round2_8epoch_cosine","lr1e-6","1","0","35","14.282328","9E-07","cosine"
"round2_8epoch_cosine","lr1e-6","1","0","36","14.367815","9E-07","cosine"
"round2_8epoch_cosine","lr1e-6","1","0","37","14.394765","9E-07","cosine"
"round2_8epoch_cosine","lr1e-6","1","0","38","14.864895","9E-07","cosine"
"round2_8epoch_cosine","lr1e-6","1","0","39","13.816996","1E-06","cosine"
"round2_8epoch_cosine","lr1e-6","1","0","40","13.780628","1E-06","cosine"
"round2_8epoch_cosine","lr1e-6","1","0","41","14.304464","1E-06","cosine"
"round2_8epoch_cosine","lr1e-6","1","0","42","14.056108","1E-06","cosine"
"round2_8epoch_cosine","lr1e-6","1","0","43","13.808424","9.9991850528E-07","cosine"
"round2_8epoch_cosine","lr1e-6","1","0","44","14.526132","9.9991850528E-07","cosine"
"round2_8epoch_cosine","lr1e-6","1","0","45","14.159433","9.9991850528E-07","cosine"
"round2_8epoch_cosine","lr1e-6","1","0","46","15.044149","9.9991850528E-07","cosine"
"round2_8epoch_cosine","lr1e-6","1","0","47","14.251703","9.9967404769E-07","cosine"
"round2_8epoch_cosine","lr1e-6","1","0","48","14.41876","9.9967404769E-07","cosine"
"round2_8epoch_cosine","lr1e-6","1","0","49","13.901727","9.9967404769E-07","cosine"
"round2_8epoch_cosine","lr1e-6","1","0","50","13.688623","9.9967404769E-07","cosine"
"round2_8epoch_cosine","lr1e-6","1","0","51","14.409031","9.9926670693E-07","cosine"
"round2_8epoch_cosine","lr1e-6","1","0","52","13.733698","9.9926670693E-07","cosine"
"round2_8epoch_cosine","lr1e-6","1","0","53","14.6841","9.9926670693E-07","cosine"
"round2_8epoch_cosine","lr1e-6","1","0","54","14.242167","9.9926670693E-07","cosine"
"round2_8epoch_cosine","lr1e-6","1","0","55","13.471573","9.9869661576E-07","cosine"
"round2_8epoch_cosine","lr1e-6","1","0","56","14.571157","9.9869661576E-07","cosine"
"round2_8epoch_cosine","lr1e-6","1","0","57","14.190125","9.9869661576E-07","cosine"
"round2_8epoch_cosine","lr1e-6","1","0","58","13.667497","9.9869661576E-07","cosine"
"round2_8epoch_cosine","lr1e-6","1","0","59","14.374084","9.9796396003E-07","cosine"
"round2_8epoch_cosine","lr1e-6","1","0","60","13.47578","9.9796396003E-07","cosine"
"round2_8epoch_cosine","lr1e-6","1","0","61","14.615769","9.9796396003E-07","cosine"
"round2_8epoch_cosine","lr1e-6","1","0","62","14.051881","9.9796396003E-07","cosine"
"round2_8epoch_cosine","lr1e-6","1","0","63","14.087802","9.9706897858E-07","cosine"
"round2_8epoch_cosine","lr1e-6","1","0","64","14.12269","9.9706897858E-07","cosine"
"round2_8epoch_cosine","lr1e-6","1","0","65","14.015335","9.9706897858E-07","cosine"
"round2_8epoch_cosine","lr1e-6","1","0","66","13.412399","9.9706897858E-07","cosine"
"round2_8epoch_cosine","lr1e-6","1","0","67","13.304438","9.9601196314E-07","cosine"
"round2_8epoch_cosine","lr1e-6","1","0","68","13.498212","9.9601196314E-07","cosine"
"round2_8epoch_cosine","lr1e-6","1","0","69","13.61779","9.9601196314E-07","cosine"
"round2_8epoch_cosine","lr1e-6","1","0","70","13.704098","9.9601196314E-07","cosine"
"round2_8epoch_cosine","lr1e-6","1","0","71","12.859301","9.9479325828E-07","cosine"
"round2_8epoch_cosine","lr1e-6","1","0","72","13.129937","9.9479325828E-07","cosine"
"round2_8epoch_cosine","lr1e-6","1","0","73","14.010409","9.9479325828E-07","cosine"
"round2_8epoch_cosine","lr1e-6","1","0","74","13.906365","9.9479325828E-07","cosine"
"round2_8epoch_cosine","lr1e-6","1","0","75","14.227765","9.9341326127E-07","cosine"
"round2_8epoch_cosine","lr1e-6","1","0","76","12.851551","9.9341326127E-07","cosine"
"round2_8epoch_cosine","lr1e-6","1","0","77","13.311165","9.9341326127E-07","cosine"
"round2_8epoch_cosine","lr1e-6","1","0","78","13.275339","9.9341326127E-07","cosine"
"round2_8epoch_cosine","lr1e-6","1","0","79","12.785076","9.9187242197E-07","cosine"
"round2_8epoch_cosine","lr1e-6","1","0","80","12.460094","9.9187242197E-07","cosine"
"round2_8epoch_cosine","lr1e-6","1","0","81","13.14741","9.9187242197E-07","cosine"
"round2_8epoch_cosine","lr1e-6","1","0","82","13.262561","9.9187242197E-07","cosine"
"round2_8epoch_cosine","lr1e-6","1","0","83","12.978159","9.9017124264E-07","cosine"
"round2_8epoch_cosine","lr1e-6","1","0","84","13.095227","9.9017124264E-07","cosine"
"round2_8epoch_cosine","lr1e-6","1","0","85","12.72381","9.9017124264E-07","cosine"
"round2_8epoch_cosine","lr1e-6","1","0","86","13.878642","9.9017124264E-07","cosine"
"round2_8epoch_cosine","lr1e-6","1","0","87","12.443921","9.8831027786E-07","cosine"
"round2_8epoch_cosine","lr1e-6","1","0","88","12.892112","9.8831027786E-07","cosine"
"round2_8epoch_cosine","lr1e-6","1","0","89","13.390532","9.8629013423E-07","cosine"
"round2_8epoch_cosine","lr1e-6","2","1","0","12.144617","9.8629013423E-07","cosine"
"round2_8epoch_cosine","lr1e-6","2","1","1","13.806563","9.8629013423E-07","cosine"
"round2_8epoch_cosine","lr1e-6","2","1","2","12.701378","9.8629013423E-07","cosine"
"round2_8epoch_cosine","lr1e-6","2","1","3","12.413515","9.841114703E-07","cosine"
"round2_8epoch_cosine","lr1e-6","2","1","4","13.137486","9.841114703E-07","cosine"
"round2_8epoch_cosine","lr1e-6","2","1","5","13.463308","9.841114703E-07","cosine"
"round2_8epoch_cosine","lr1e-6","2","1","6","12.280546","9.841114703E-07","cosine"
"round2_8epoch_cosine","lr1e-6","2","1","7","13.864629","9.8177499626E-07","cosine"
"round2_8epoch_cosine","lr1e-6","2","1","8","12.009113","9.8177499626E-07","cosine"
"round2_8epoch_cosine","lr1e-6","2","1","9","12.867882","9.8177499626E-07","cosine"
"round2_8epoch_cosine","lr1e-6","2","1","10","12.947927","9.8177499626E-07","cosine"
"round2_8epoch_cosine","lr1e-6","2","1","11","12.115719","9.7928147375E-07","cosine"
"round2_8epoch_cosine","lr1e-6","2","1","12","13.030605","9.7928147375E-07","cosine"
"round2_8epoch_cosine","lr1e-6","2","1","13","12.718688","9.7928147375E-07","cosine"
"round2_8epoch_cosine","lr1e-6","2","1","14","12.588943","9.7928147375E-07","cosine"
"round2_8epoch_cosine","lr1e-6","2","1","15","12.759767","9.766317156E-07","cosine"
"round2_8epoch_cosine","lr1e-6","2","1","16","13.030951","9.766317156E-07","cosine"
"round2_8epoch_cosine","lr1e-6","2","1","17","12.888721","9.766317156E-07","cosine"
"round2_8epoch_cosine","lr1e-6","2","1","18","12.301823","9.766317156E-07","cosine"
"round2_8epoch_cosine","lr1e-6","2","1","19","12.091102","9.7382658559E-07","cosine"
"round2_8epoch_cosine","lr1e-6","2","1","20","12.158413","9.7382658559E-07","cosine"
"round2_8epoch_cosine","lr1e-6","2","1","21","13.164663","9.7382658559E-07","cosine"
"round2_8epoch_cosine","lr1e-6","2","1","22","12.946444","9.7382658559E-07","cosine"
"round2_8epoch_cosine","lr1e-6","2","1","23","12.169716","9.7086699812E-07","cosine"
"round2_8epoch_cosine","lr1e-6","2","1","24","13.059869","9.7086699812E-07","cosine"
"round2_8epoch_cosine","lr1e-6","2","1","25","12.467785","9.7086699812E-07","cosine"
"round2_8epoch_cosine","lr1e-6","2","1","26","12.536098","9.7086699812E-07","cosine"
"round2_8epoch_cosine","lr1e-6","2","1","27","12.501438","9.6775391796E-07","cosine"
"round2_8epoch_cosine","lr1e-6","2","1","28","12.062972","9.6775391796E-07","cosine"
"round2_8epoch_cosine","lr1e-6","2","1","29","11.734298","9.6775391796E-07","cosine"
"round2_8epoch_cosine","lr1e-6","2","1","30","12.17701","9.6775391796E-07","cosine"
"round2_8epoch_cosine","lr1e-6","2","1","31","12.650356","9.6448835991E-07","cosine"
"round2_8epoch_cosine","lr1e-6","2","1","32","12.471501","9.6448835991E-07","cosine"
"round2_8epoch_cosine","lr1e-6","2","1","33","12.369323","9.6448835991E-07","cosine"
"round2_8epoch_cosine","lr1e-6","2","1","34","12.459038","9.6448835991E-07","cosine"
"round2_8epoch_cosine","lr1e-6","2","1","35","13.031603","9.6107138846E-07","cosine"
"round2_8epoch_cosine","lr1e-6","2","1","36","11.618626","9.6107138846E-07","cosine"
"round2_8epoch_cosine","lr1e-6","2","1","37","12.17145","9.6107138846E-07","cosine"
"round2_8epoch_cosine","lr1e-6","2","1","38","12.057294","9.6107138846E-07","cosine"
"round2_8epoch_cosine","lr1e-6","2","1","39","12.155731","9.5750411749E-07","cosine"
"round2_8epoch_cosine","lr1e-6","2","1","40","12.700917","9.5750411749E-07","cosine"
"round2_8epoch_cosine","lr1e-6","2","1","41","11.639977","9.5750411749E-07","cosine"
"round2_8epoch_cosine","lr1e-6","2","1","42","12.354416","9.5750411749E-07","cosine"
"round2_8epoch_cosine","lr1e-6","2","1","43","12.717714","9.5378770984E-07","cosine"
"round2_8epoch_cosine","lr1e-6","2","1","44","12.040201","9.5378770984E-07","cosine"
"round2_8epoch_cosine","lr1e-6","2","1","45","12.217497","9.5378770984E-07","cosine"
"round2_8epoch_cosine","lr1e-6","2","1","46","13.346187","9.5378770984E-07","cosine"
"round2_8epoch_cosine","lr1e-6","2","1","47","11.977905","9.4992337698E-07","cosine"
"round2_8epoch_cosine","lr1e-6","2","1","48","12.152074","9.4992337698E-07","cosine"
"round2_8epoch_cosine","lr1e-6","2","1","49","12.111482","9.4992337698E-07","cosine"
"round2_8epoch_cosine","lr1e-6","2","1","50","13.071776","9.4992337698E-07","cosine"
"round2_8epoch_cosine","lr1e-6","2","1","51","12.665482","9.4591237861E-07","cosine"
"round2_8epoch_cosine","lr1e-6","2","1","52","12.0969","9.4591237861E-07","cosine"
"round2_8epoch_cosine","lr1e-6","2","1","53","12.284051","9.4591237861E-07","cosine"
"round2_8epoch_cosine","lr1e-6","2","1","54","12.327371","9.4591237861E-07","cosine"
"round2_8epoch_cosine","lr1e-6","2","1","55","12.259369","9.4175602222E-07","cosine"
"round2_8epoch_cosine","lr1e-6","2","1","56","11.599429","9.4175602222E-07","cosine"
"round2_8epoch_cosine","lr1e-6","2","1","57","11.77945","9.4175602222E-07","cosine"
"round2_8epoch_cosine","lr1e-6","2","1","58","11.575802","9.4175602222E-07","cosine"
"round2_8epoch_cosine","lr1e-6","2","1","59","12.323603","9.3745566271E-07","cosine"
"round2_8epoch_cosine","lr1e-6","2","1","60","11.96327","9.3745566271E-07","cosine"
"round2_8epoch_cosine","lr1e-6","2","1","61","11.664733","9.3745566271E-07","cosine"
"round2_8epoch_cosine","lr1e-6","2","1","62","11.657057","9.3745566271E-07","cosine"
"round2_8epoch_cosine","lr1e-6","2","1","63","11.823807","9.3301270189E-07","cosine"
"round2_8epoch_cosine","lr1e-6","2","1","64","12.4881","9.3301270189E-07","cosine"
"round2_8epoch_cosine","lr1e-6","2","1","65","11.824113","9.3301270189E-07","cosine"
"round2_8epoch_cosine","lr1e-6","2","1","66","11.275958","9.3301270189E-07","cosine"
"round2_8epoch_cosine","lr1e-6","2","1","67","11.85921","9.2842858808E-07","cosine"
"round2_8epoch_cosine","lr1e-6","2","1","68","11.700514","9.2842858808E-07","cosine"
"round2_8epoch_cosine","lr1e-6","2","1","69","12.263852","9.2842858808E-07","cosine"
"round2_8epoch_cosine","lr1e-6","2","1","70","12.022122","9.2842858808E-07","cosine"
"round2_8epoch_cosine","lr1e-6","2","1","71","11.950846","9.2370481561E-07","cosine"
"round2_8epoch_cosine","lr1e-6","2","1","72","11.153552","9.2370481561E-07","cosine"
"round2_8epoch_cosine","lr1e-6","2","1","73","11.262159","9.2370481561E-07","cosine"
"round2_8epoch_cosine","lr1e-6","2","1","74","11.423494","9.2370481561E-07","cosine"
"round2_8epoch_cosine","lr1e-6","2","1","75","11.851688","9.1884292431E-07","cosine"
"round2_8epoch_cosine","lr1e-6","2","1","76","10.810007","9.1884292431E-07","cosine"
"round2_8epoch_cosine","lr1e-6","2","1","77","12.118254","9.1884292431E-07","cosine"
"round2_8epoch_cosine","lr1e-6","2","1","78","12.128939","9.1884292431E-07","cosine"
"round2_8epoch_cosine","lr1e-6","2","1","79","12.094548","9.1384449908E-07","cosine"
"round2_8epoch_cosine","lr1e-6","2","1","80","11.919075","9.1384449908E-07","cosine"
"round2_8epoch_cosine","lr1e-6","2","1","81","11.531721","9.1384449908E-07","cosine"
"round2_8epoch_cosine","lr1e-6","2","1","82","11.122104","9.1384449908E-07","cosine"
"round2_8epoch_cosine","lr1e-6","2","1","83","12.035357","9.0871116928E-07","cosine"
"round2_8epoch_cosine","lr1e-6","2","1","84","11.242214","9.0871116928E-07","cosine"
"round2_8epoch_cosine","lr1e-6","2","1","85","11.478582","9.0871116928E-07","cosine"
"round2_8epoch_cosine","lr1e-6","2","1","86","11.86716","9.0871116928E-07","cosine"
"round2_8epoch_cosine","lr1e-6","2","1","87","11.065264","9.0344460828E-07","cosine"
"round2_8epoch_cosine","lr1e-6","2","1","88","11.294945","9.0344460828E-07","cosine"
"round2_8epoch_cosine","lr1e-6","2","1","89","12.205417","8.9804653285E-07","cosine"
"round2_8epoch_cosine","lr1e-6","3","2","0","11.119783","8.9804653285E-07","cosine"
"round2_8epoch_cosine","lr1e-6","3","2","1","11.419309","8.9804653285E-07","cosine"
"round2_8epoch_cosine","lr1e-6","3","2","2","10.977734","8.9804653285E-07","cosine"
"round2_8epoch_cosine","lr1e-6","3","2","3","12.116852","8.9251870267E-07","cosine"
"round2_8epoch_cosine","lr1e-6","3","2","4","11.392104","8.9251870267E-07","cosine"
"round2_8epoch_cosine","lr1e-6","3","2","5","10.899778","8.9251870267E-07","cosine"
"round2_8epoch_cosine","lr1e-6","3","2","6","11.978564","8.9251870267E-07","cosine"
"round2_8epoch_cosine","lr1e-6","3","2","7","11.146173","8.8686291969E-07","cosine"
"round2_8epoch_cosine","lr1e-6","3","2","8","10.739406","8.8686291969E-07","cosine"
"round2_8epoch_cosine","lr1e-6","3","2","9","11.599781","8.8686291969E-07","cosine"
"round2_8epoch_cosine","lr1e-6","3","2","10","11.933914","8.8686291969E-07","cosine"
"round2_8epoch_cosine","lr1e-6","3","2","11","11.428016","8.8108102756E-07","cosine"
"round2_8epoch_cosine","lr1e-6","3","2","12","11.767831","8.8108102756E-07","cosine"
"round2_8epoch_cosine","lr1e-6","3","2","13","10.73069","8.8108102756E-07","cosine"
"round2_8epoch_cosine","lr1e-6","3","2","14","11.10161","8.8108102756E-07","cosine"
"round2_8epoch_cosine","lr1e-6","3","2","15","11.225376","8.7517491108E-07","cosine"
"round2_8epoch_cosine","lr1e-6","3","2","16","10.819885","8.7517491108E-07","cosine"
"round2_8epoch_cosine","lr1e-6","3","2","17","11.008692","8.7517491108E-07","cosine"
"round2_8epoch_cosine","lr1e-6","3","2","18","11.297129","8.7517491108E-07","cosine"
"round2_8epoch_cosine","lr1e-6","3","2","19","11.241588","8.691464955E-07","cosine"
"round2_8epoch_cosine","lr1e-6","3","2","20","10.511154","8.691464955E-07","cosine"
"round2_8epoch_cosine","lr1e-6","3","2","21","10.617237","8.691464955E-07","cosine"
"round2_8epoch_cosine","lr1e-6","3","2","22","10.614674","8.691464955E-07","cosine"
"round2_8epoch_cosine","lr1e-6","3","2","23","10.856875","8.6299774596E-07","cosine"
"round2_8epoch_cosine","lr1e-6","3","2","24","10.427023","8.6299774596E-07","cosine"
"round2_8epoch_cosine","lr1e-6","3","2","25","11.903187","8.6299774596E-07","cosine"
"round2_8epoch_cosine","lr1e-6","3","2","26","10.658084","8.6299774596E-07","cosine"
"round2_8epoch_cosine","lr1e-6","3","2","27","11.748138","8.5673066683E-07","cosine"
"round2_8epoch_cosine","lr1e-6","3","2","28","11.147109","8.5673066683E-07","cosine"
"round2_8epoch_cosine","lr1e-6","3","2","29","11.074437","8.5673066683E-07","cosine"
"round2_8epoch_cosine","lr1e-6","3","2","30","10.759801","8.5673066683E-07","cosine"
"round2_8epoch_cosine","lr1e-6","3","2","31","10.20236","8.5034730104E-07","cosine"
"round2_8epoch_cosine","lr1e-6","3","2","32","11.012462","8.5034730104E-07","cosine"
"round2_8epoch_cosine","lr1e-6","3","2","33","11.375727","8.5034730104E-07","cosine"
"round2_8epoch_cosine","lr1e-6","3","2","34","10.584117","8.5034730104E-07","cosine"
"round2_8epoch_cosine","lr1e-6","3","2","35","12.063667","8.4384972943E-07","cosine"
"round2_8epoch_cosine","lr1e-6","3","2","36","11.607087","8.4384972943E-07","cosine"
"round2_8epoch_cosine","lr1e-6","3","2","37","11.232546","8.4384972943E-07","cosine"
"round2_8epoch_cosine","lr1e-6","3","2","38","10.970095","8.4384972943E-07","cosine"
"round2_8epoch_cosine","lr1e-6","3","2","39","11.318604","8.3724007007E-07","cosine"
"round2_8epoch_cosine","lr1e-6","3","2","40","11.423149","8.3724007007E-07","cosine"
"round2_8epoch_cosine","lr1e-6","3","2","41","11.528465","8.3724007007E-07","cosine"
"round2_8epoch_cosine","lr1e-6","3","2","42","11.134123","8.3724007007E-07","cosine"
"round2_8epoch_cosine","lr1e-6","3","2","43","10.910797","8.3052047758E-07","cosine"
"round2_8epoch_cosine","lr1e-6","3","2","44","11.179672","8.3052047758E-07","cosine"
"round2_8epoch_cosine","lr1e-6","3","2","45","11.140924","8.3052047758E-07","cosine"
"round2_8epoch_cosine","lr1e-6","3","2","46","11.230722","8.3052047758E-07","cosine"
"round2_8epoch_cosine","lr1e-6","3","2","47","10.680997","8.2369314239E-07","cosine"
"round2_8epoch_cosine","lr1e-6","3","2","48","10.65247","8.2369314239E-07","cosine"
"round2_8epoch_cosine","lr1e-6","3","2","49","11.474016","8.2369314239E-07","cosine"
"round2_8epoch_cosine","lr1e-6","3","2","50","11.020211","8.2369314239E-07","cosine"
"round2_8epoch_cosine","lr1e-6","3","2","51","11.651512","8.1676029008E-07","cosine"
"round2_8epoch_cosine","lr1e-6","3","2","52","11.072126","8.1676029008E-07","cosine"
"round2_8epoch_cosine","lr1e-6","3","2","53","10.936935","8.1676029008E-07","cosine"
"round2_8epoch_cosine","lr1e-6","3","2","54","11.123402","8.1676029008E-07","cosine"
"round2_8epoch_cosine","lr1e-6","3","2","55","11.081964","8.0972418061E-07","cosine"
"round2_8epoch_cosine","lr1e-6","3","2","56","11.123272","8.0972418061E-07","cosine"
"round2_8epoch_cosine","lr1e-6","3","2","57","10.458097","8.0972418061E-07","cosine"
"round2_8epoch_cosine","lr1e-6","3","2","58","11.119251","8.0972418061E-07","cosine"
"round2_8epoch_cosine","lr1e-6","3","2","59","11.052076","8.025871076E-07","cosine"
"round2_8epoch_cosine","lr1e-6","3","2","60","10.828254","8.025871076E-07","cosine"
"round2_8epoch_cosine","lr1e-6","3","2","61","11.403065","8.025871076E-07","cosine"
"round2_8epoch_cosine","lr1e-6","3","2","62","11.098528","8.025871076E-07","cosine"
"round2_8epoch_cosine","lr1e-6","3","2","63","10.508106","7.9535139758E-07","cosine"
"round2_8epoch_cosine","lr1e-6","3","2","64","10.978366","7.9535139758E-07","cosine"
"round2_8epoch_cosine","lr1e-6","3","2","65","10.289039","7.9535139758E-07","cosine"
"round2_8epoch_cosine","lr1e-6","3","2","66","11.161125","7.9535139758E-07","cosine"
"round2_8epoch_cosine","lr1e-6","3","2","67","11.450083","7.8801940925E-07","cosine"
"round2_8epoch_cosine","lr1e-6","3","2","68","10.975141","7.8801940925E-07","cosine"
"round2_8epoch_cosine","lr1e-6","3","2","69","10.773709","7.8801940925E-07","cosine"
"round2_8epoch_cosine","lr1e-6","3","2","70","10.418518","7.8801940925E-07","cosine"
"round2_8epoch_cosine","lr1e-6","3","2","71","10.594913","7.8059353268E-07","cosine"
"round2_8epoch_cosine","lr1e-6","3","2","72","11.046079","7.8059353268E-07","cosine"
"round2_8epoch_cosine","lr1e-6","3","2","73","11.093146","7.8059353268E-07","cosine"
"round2_8epoch_cosine","lr1e-6","3","2","74","11.093855","7.8059353268E-07","cosine"
"round2_8epoch_cosine","lr1e-6","3","2","75","11.344358","7.7307618855E-07","cosine"
"round2_8epoch_cosine","lr1e-6","3","2","76","10.552058","7.7307618855E-07","cosine"
"round2_8epoch_cosine","lr1e-6","3","2","77","10.609803","7.7307618855E-07","cosine"
"round2_8epoch_cosine","lr1e-6","3","2","78","9.937885","7.7307618855E-07","cosine"
"round2_8epoch_cosine","lr1e-6","3","2","79","10.067821","7.6546982734E-07","cosine"
"round2_8epoch_cosine","lr1e-6","3","2","80","10.136736","7.6546982734E-07","cosine"
"round2_8epoch_cosine","lr1e-6","3","2","81","10.312846","7.6546982734E-07","cosine"
"round2_8epoch_cosine","lr1e-6","3","2","82","10.700005","7.6546982734E-07","cosine"
"round2_8epoch_cosine","lr1e-6","3","2","83","10.653206","7.5777692859E-07","cosine"
"round2_8epoch_cosine","lr1e-6","3","2","84","10.838966","7.5777692859E-07","cosine"
"round2_8epoch_cosine","lr1e-6","3","2","85","10.977791","7.5777692859E-07","cosine"
"round2_8epoch_cosine","lr1e-6","3","2","86","10.991215","7.5777692859E-07","cosine"
"round2_8epoch_cosine","lr1e-6","3","2","87","10.907011","7.5E-07","cosine"
"round2_8epoch_cosine","lr1e-6","3","2","88","10.306299","7.5E-07","cosine"
"round2_8epoch_cosine","lr1e-6","3","2","89","10.323076","7.4214157669E-07","cosine"
"round2_8epoch_cosine","lr1e-6","4","3","0","10.32675","7.4214157669E-07","cosine"
"round2_8epoch_cosine","lr1e-6","4","3","1","10.83798","7.4214157669E-07","cosine"
"round2_8epoch_cosine","lr1e-6","4","3","2","9.991961","7.4214157669E-07","cosine"
"round2_8epoch_cosine","lr1e-6","4","3","3","10.201948","7.3420422035E-07","cosine"
"round2_8epoch_cosine","lr1e-6","4","3","4","10.642678","7.3420422035E-07","cosine"
"round2_8epoch_cosine","lr1e-6","4","3","5","10.99281","7.3420422035E-07","cosine"
"round2_8epoch_cosine","lr1e-6","4","3","6","10.561609","7.3420422035E-07","cosine"
"round2_8epoch_cosine","lr1e-6","4","3","7","10.169655","7.2619051838E-07","cosine"
"round2_8epoch_cosine","lr1e-6","4","3","8","10.699411","7.2619051838E-07","cosine"
"round2_8epoch_cosine","lr1e-6","4","3","9","11.245358","7.2619051838E-07","cosine"
"round2_8epoch_cosine","lr1e-6","4","3","10","10.606956","7.2619051838E-07","cosine"
"round2_8epoch_cosine","lr1e-6","4","3","11","10.611854","7.1810308308E-07","cosine"
"round2_8epoch_cosine","lr1e-6","4","3","12","10.605533","7.1810308308E-07","cosine"
"round2_8epoch_cosine","lr1e-6","4","3","13","10.320233","7.1810308308E-07","cosine"
"round2_8epoch_cosine","lr1e-6","4","3","14","10.873038","7.1810308308E-07","cosine"
"round2_8epoch_cosine","lr1e-6","4","3","15","10.15651","7.0994455078E-07","cosine"
"round2_8epoch_cosine","lr1e-6","4","3","16","9.984781","7.0994455078E-07","cosine"
"round2_8epoch_cosine","lr1e-6","4","3","17","10.259476","7.0994455078E-07","cosine"
"round2_8epoch_cosine","lr1e-6","4","3","18","10.122053","7.0994455078E-07","cosine"
"round2_8epoch_cosine","lr1e-6","4","3","19","10.119757","7.0171758099E-07","cosine"
"round2_8epoch_cosine","lr1e-6","4","3","20","10.442285","7.0171758099E-07","cosine"
"round2_8epoch_cosine","lr1e-6","4","3","21","10.754081","7.0171758099E-07","cosine"
"round2_8epoch_cosine","lr1e-6","4","3","22","10.755368","7.0171758099E-07","cosine"
"round2_8epoch_cosine","lr1e-6","4","3","23","10.619543","6.9342485554E-07","cosine"
"round2_8epoch_cosine","lr1e-6","4","3","24","10.688816","6.9342485554E-07","cosine"
"round2_8epoch_cosine","lr1e-6","4","3","25","10.993958","6.9342485554E-07","cosine"
"round2_8epoch_cosine","lr1e-6","4","3","26","9.68647","6.9342485554E-07","cosine"
"round2_8epoch_cosine","lr1e-6","4","3","27","10.923565","6.8506907767E-07","cosine"
"round2_8epoch_cosine","lr1e-6","4","3","28","10.148996","6.8506907767E-07","cosine"
"round2_8epoch_cosine","lr1e-6","4","3","29","11.211211","6.8506907767E-07","cosine"
"round2_8epoch_cosine","lr1e-6","4","3","30","10.655928","6.8506907767E-07","cosine"
"round2_8epoch_cosine","lr1e-6","4","3","31","10.20114","6.7665297119E-07","cosine"
"round2_8epoch_cosine","lr1e-6","4","3","32","10.737489","6.7665297119E-07","cosine"
"round2_8epoch_cosine","lr1e-6","4","3","33","10.39056","6.7665297119E-07","cosine"
"round2_8epoch_cosine","lr1e-6","4","3","34","10.547287","6.7665297119E-07","cosine"
"round2_8epoch_cosine","lr1e-6","4","3","35","10.08691","6.6817927958E-07","cosine"
"round2_8epoch_cosine","lr1e-6","4","3","36","10.354545","6.6817927958E-07","cosine"
"round2_8epoch_cosine","lr1e-6","4","3","37","9.562294","6.6817927958E-07","cosine"
"round2_8epoch_cosine","lr1e-6","4","3","38","10.430162","6.6817927958E-07","cosine"
"round2_8epoch_cosine","lr1e-6","4","3","39","10.808656","6.5965076507E-07","cosine"
"round2_8epoch_cosine","lr1e-6","4","3","40","10.219247","6.5965076507E-07","cosine"
"round2_8epoch_cosine","lr1e-6","4","3","41","10.580865","6.5965076507E-07","cosine"
"round2_8epoch_cosine","lr1e-6","4","3","42","10.674929","6.5965076507E-07","cosine"
"round2_8epoch_cosine","lr1e-6","4","3","43","10.861483","6.5107020778E-07","cosine"
"round2_8epoch_cosine","lr1e-6","4","3","44","10.243668","6.5107020778E-07","cosine"
"round2_8epoch_cosine","lr1e-6","4","3","45","10.42146","6.5107020778E-07","cosine"
"round2_8epoch_cosine","lr1e-6","4","3","46","10.591558","6.5107020778E-07","cosine"
"round2_8epoch_cosine","lr1e-6","4","3","47","10.315832","6.4244040481E-07","cosine"
"round2_8epoch_cosine","lr1e-6","4","3","48","10.906873","6.4244040481E-07","cosine"
"round2_8epoch_cosine","lr1e-6","4","3","49","10.50149","6.4244040481E-07","cosine"
"round2_8epoch_cosine","lr1e-6","4","3","50","10.573487","6.4244040481E-07","cosine"
"round2_8epoch_cosine","lr1e-6","4","3","51","10.941998","6.3376416926E-07","cosine"
"round2_8epoch_cosine","lr1e-6","4","3","52","10.665998","6.3376416926E-07","cosine"
"round2_8epoch_cosine","lr1e-6","4","3","53","9.727532","6.3376416926E-07","cosine"
"round2_8epoch_cosine","lr1e-6","4","3","54","10.751606","6.3376416926E-07","cosine"
"round2_8epoch_cosine","lr1e-6","4","3","55","10.369005","6.2504432943E-07","cosine"
"round2_8epoch_cosine","lr1e-6","4","3","56","10.162865","6.2504432943E-07","cosine"
"round2_8epoch_cosine","lr1e-6","4","3","57","10.086035","6.2504432943E-07","cosine"
"round2_8epoch_cosine","lr1e-6","4","3","58","10.700587","6.2504432943E-07","cosine"
"round2_8epoch_cosine","lr1e-6","4","3","59","10.50662","6.1628372779E-07","cosine"
"round2_8epoch_cosine","lr1e-6","4","3","60","10.568333","6.1628372779E-07","cosine"
"round2_8epoch_cosine","lr1e-6","4","3","61","10.03752","6.1628372779E-07","cosine"
"round2_8epoch_cosine","lr1e-6","4","3","62","9.629135","6.1628372779E-07","cosine"
"round2_8epoch_cosine","lr1e-6","4","3","63","10.678774","6.0748522011E-07","cosine"
"round2_8epoch_cosine","lr1e-6","4","3","64","10.456358","6.0748522011E-07","cosine"
"round2_8epoch_cosine","lr1e-6","4","3","65","10.478442","6.0748522011E-07","cosine"
"round2_8epoch_cosine","lr1e-6","4","3","66","10.127831","6.0748522011E-07","cosine"
"round2_8epoch_cosine","lr1e-6","4","3","67","10.43905","5.9865167451E-07","cosine"
"round2_8epoch_cosine","lr1e-6","4","3","68","10.274013","5.9865167451E-07","cosine"
"round2_8epoch_cosine","lr1e-6","4","3","69","10.70139","5.9865167451E-07","cosine"
"round2_8epoch_cosine","lr1e-6","4","3","70","11.283216","5.9865167451E-07","cosine"
"round2_8epoch_cosine","lr1e-6","4","3","71","10.304352","5.8978597056E-07","cosine"
"round2_8epoch_cosine","lr1e-6","4","3","72","9.893985","5.8978597056E-07","cosine"
"round2_8epoch_cosine","lr1e-6","4","3","73","10.540773","5.8978597056E-07","cosine"
"round2_8epoch_cosine","lr1e-6","4","3","74","10.599475","5.8978597056E-07","cosine"
"round2_8epoch_cosine","lr1e-6","4","3","75","10.535123","5.8089099828E-07","cosine"
"round2_8epoch_cosine","lr1e-6","4","3","76","9.741687","5.8089099828E-07","cosine"
"round2_8epoch_cosine","lr1e-6","4","3","77","10.325001","5.8089099828E-07","cosine"
"round2_8epoch_cosine","lr1e-6","4","3","78","10.798704","5.8089099828E-07","cosine"
"round2_8epoch_cosine","lr1e-6","4","3","79","10.203382","5.7196965724E-07","cosine"
"round2_8epoch_cosine","lr1e-6","4","3","80","10.110794","5.7196965724E-07","cosine"
"round2_8epoch_cosine","lr1e-6","4","3","81","10.539221","5.7196965724E-07","cosine"
"round2_8epoch_cosine","lr1e-6","4","3","82","10.656147","5.7196965724E-07","cosine"
"round2_8epoch_cosine","lr1e-6","4","3","83","9.697297","5.6302485561E-07","cosine"
"round2_8epoch_cosine","lr1e-6","4","3","84","9.857244","5.6302485561E-07","cosine"
"round2_8epoch_cosine","lr1e-6","4","3","85","10.322454","5.6302485561E-07","cosine"
"round2_8epoch_cosine","lr1e-6","4","3","86","10.303156","5.6302485561E-07","cosine"
"round2_8epoch_cosine","lr1e-6","4","3","87","10.388538","5.5405950921E-07","cosine"
"round2_8epoch_cosine","lr1e-6","4","3","88","10.239281","5.5405950921E-07","cosine"
"round2_8epoch_cosine","lr1e-6","4","3","89","10.646484","5.4507654056E-07","cosine"
"round2_8epoch_cosine","lr1e-6","5","4","0","10.285511","5.4507654056E-07","cosine"
"round2_8epoch_cosine","lr1e-6","5","4","1","9.828243","5.4507654056E-07","cosine"
"round2_8epoch_cosine","lr1e-6","5","4","2","10.3122","5.4507654056E-07","cosine"
"round2_8epoch_cosine","lr1e-6","5","4","3","9.820621","5.360788779E-07","cosine"
"round2_8epoch_cosine","lr1e-6","5","4","4","10.4327","5.360788779E-07","cosine"
"round2_8epoch_cosine","lr1e-6","5","4","5","9.64572","5.360788779E-07","cosine"
"round2_8epoch_cosine","lr1e-6","5","4","6","9.794417","5.360788779E-07","cosine"
"round2_8epoch_cosine","lr1e-6","5","4","7","10.680938","5.2706945429E-07","cosine"
"round2_8epoch_cosine","lr1e-6","5","4","8","9.361979","5.2706945429E-07","cosine"
"round2_8epoch_cosine","lr1e-6","5","4","9","9.675513","5.2706945429E-07","cosine"
"round2_8epoch_cosine","lr1e-6","5","4","10","10.423046","5.2706945429E-07","cosine"
"round2_8epoch_cosine","lr1e-6","5","4","11","10.814146","5.1805120661E-07","cosine"
"round2_8epoch_cosine","lr1e-6","5","4","12","9.983803","5.1805120661E-07","cosine"
"round2_8epoch_cosine","lr1e-6","5","4","13","10.868834","5.1805120661E-07","cosine"
"round2_8epoch_cosine","lr1e-6","5","4","14","10.173701","5.1805120661E-07","cosine"
"round2_8epoch_cosine","lr1e-6","5","4","15","10.274185","5.0902707463E-07","cosine"
"round2_8epoch_cosine","lr1e-6","5","4","16","9.813769","5.0902707463E-07","cosine"
"round2_8epoch_cosine","lr1e-6","5","4","17","9.622996","5.0902707463E-07","cosine"
"round2_8epoch_cosine","lr1e-6","5","4","18","10.490595","5.0902707463E-07","cosine"
"round2_8epoch_cosine","lr1e-6","5","4","19","10.287601","5E-07","cosine"
"round2_8epoch_cosine","lr1e-6","5","4","20","10.284324","5E-07","cosine"
"round2_8epoch_cosine","lr1e-6","5","4","21","10.450943","5E-07","cosine"
"round2_8epoch_cosine","lr1e-6","5","4","22","9.78966","5E-07","cosine"
"round2_8epoch_cosine","lr1e-6","5","4","23","10.313684","4.9097292537E-07","cosine"
"round2_8epoch_cosine","lr1e-6","5","4","24","10.07645","4.9097292537E-07","cosine"
"round2_8epoch_cosine","lr1e-6","5","4","25","10.324583","4.9097292537E-07","cosine"
"round2_8epoch_cosine","lr1e-6","5","4","26","10.103724","4.9097292537E-07","cosine"
"round2_8epoch_cosine","lr1e-6","5","4","27","10.643074","4.8194879339E-07","cosine"
"round2_8epoch_cosine","lr1e-6","5","4","28","10.097906","4.8194879339E-07","cosine"
"round2_8epoch_cosine","lr1e-6","5","4","29","10.400339","4.8194879339E-07","cosine"
"round2_8epoch_cosine","lr1e-6","5","4","30","10.116794","4.8194879339E-07","cosine"
"round2_8epoch_cosine","lr1e-6","5","4","31","9.717367","4.7293054571E-07","cosine"
"round2_8epoch_cosine","lr1e-6","5","4","32","9.959708","4.7293054571E-07","cosine"
"round2_8epoch_cosine","lr1e-6","5","4","33","9.733394","4.7293054571E-07","cosine"
"round2_8epoch_cosine","lr1e-6","5","4","34","10.974384","4.7293054571E-07","cosine"
"round2_8epoch_cosine","lr1e-6","5","4","35","10.758748","4.639211221E-07","cosine"
"round2_8epoch_cosine","lr1e-6","5","4","36","10.347754","4.639211221E-07","cosine"
"round2_8epoch_cosine","lr1e-6","5","4","37","10.074374","4.639211221E-07","cosine"
"round2_8epoch_cosine","lr1e-6","5","4","38","9.618454","4.639211221E-07","cosine"
"round2_8epoch_cosine","lr1e-6","5","4","39","9.87077","4.5492345944E-07","cosine"
"round2_8epoch_cosine","lr1e-6","5","4","40","10.414339","4.5492345944E-07","cosine"
"round2_8epoch_cosine","lr1e-6","5","4","41","9.972501","4.5492345944E-07","cosine"
"round2_8epoch_cosine","lr1e-6","5","4","42","9.912366","4.5492345944E-07","cosine"
"round2_8epoch_cosine","lr1e-6","5","4","43","10.324444","4.4594049079E-07","cosine"
"round2_8epoch_cosine","lr1e-6","5","4","44","10.33893","4.4594049079E-07","cosine"
"round2_8epoch_cosine","lr1e-6","5","4","45","10.091463","4.4594049079E-07","cosine"
"round2_8epoch_cosine","lr1e-6","5","4","46","10.04064","4.4594049079E-07","cosine"
"round2_8epoch_cosine","lr1e-6","5","4","47","9.910639","4.3697514439E-07","cosine"
"round2_8epoch_cosine","lr1e-6","5","4","48","10.47496","4.3697514439E-07","cosine"
"round2_8epoch_cosine","lr1e-6","5","4","49","9.568623","4.3697514439E-07","cosine"
"round2_8epoch_cosine","lr1e-6","5","4","50","10.526392","4.3697514439E-07","cosine"
"round2_8epoch_cosine","lr1e-6","5","4","51","10.28538","4.2803034276E-07","cosine"
"round2_8epoch_cosine","lr1e-6","5","4","52","10.239401","4.2803034276E-07","cosine"
"round2_8epoch_cosine","lr1e-6","5","4","53","9.802104","4.2803034276E-07","cosine"
"round2_8epoch_cosine","lr1e-6","5","4","54","10.552689","4.2803034276E-07","cosine"
"round2_8epoch_cosine","lr1e-6","5","4","55","10.434248","4.1910900172E-07","cosine"
"round2_8epoch_cosine","lr1e-6","5","4","56","10.124497","4.1910900172E-07","cosine"
"round2_8epoch_cosine","lr1e-6","5","4","57","10.50115","4.1910900172E-07","cosine"
"round2_8epoch_cosine","lr1e-6","5","4","58","10.209723","4.1910900172E-07","cosine"
"round2_8epoch_cosine","lr1e-6","5","4","59","10.730827","4.1021402944E-07","cosine"
"round2_8epoch_cosine","lr1e-6","5","4","60","10.298262","4.1021402944E-07","cosine"
"round2_8epoch_cosine","lr1e-6","5","4","61","9.631183","4.1021402944E-07","cosine"
"round2_8epoch_cosine","lr1e-6","5","4","62","10.265398","4.1021402944E-07","cosine"
"round2_8epoch_cosine","lr1e-6","5","4","63","10.302093","4.0134832549E-07","cosine"
"round2_8epoch_cosine","lr1e-6","5","4","64","10.022812","4.0134832549E-07","cosine"
"round2_8epoch_cosine","lr1e-6","5","4","65","9.807354","4.0134832549E-07","cosine"
"round2_8epoch_cosine","lr1e-6","5","4","66","10.025482","4.0134832549E-07","cosine"
"round2_8epoch_cosine","lr1e-6","5","4","67","9.917984","3.9251477989E-07","cosine"
"round2_8epoch_cosine","lr1e-6","5","4","68","9.69039","3.9251477989E-07","cosine"
"round2_8epoch_cosine","lr1e-6","5","4","69","10.068681","3.9251477989E-07","cosine"
"round2_8epoch_cosine","lr1e-6","5","4","70","10.744304","3.9251477989E-07","cosine"
"round2_8epoch_cosine","lr1e-6","5","4","71","10.253916","3.8371627221E-07","cosine"
"round2_8epoch_cosine","lr1e-6","5","4","72","9.638341","3.8371627221E-07","cosine"
"round2_8epoch_cosine","lr1e-6","5","4","73","9.964845","3.8371627221E-07","cosine"
"round2_8epoch_cosine","lr1e-6","5","4","74","10.160055","3.8371627221E-07","cosine"
"round2_8epoch_cosine","lr1e-6","5","4","75","10.173954","3.7495567057E-07","cosine"
"round2_8epoch_cosine","lr1e-6","5","4","76","9.360188","3.7495567057E-07","cosine"
"round2_8epoch_cosine","lr1e-6","5","4","77","10.247757","3.7495567057E-07","cosine"
"round2_8epoch_cosine","lr1e-6","5","4","78","10.718796","3.7495567057E-07","cosine"
"round2_8epoch_cosine","lr1e-6","5","4","79","9.216866","3.6623583074E-07","cosine"
"round2_8epoch_cosine","lr1e-6","5","4","80","9.704445","3.6623583074E-07","cosine"
"round2_8epoch_cosine","lr1e-6","5","4","81","9.573726","3.6623583074E-07","cosine"
"round2_8epoch_cosine","lr1e-6","5","4","82","9.731256","3.6623583074E-07","cosine"
"round2_8epoch_cosine","lr1e-6","5","4","83","10.207267","3.5755959519E-07","cosine"
"round2_8epoch_cosine","lr1e-6","5","4","84","10.445152","3.5755959519E-07","cosine"
"round2_8epoch_cosine","lr1e-6","5","4","85","10.541657","3.5755959519E-07","cosine"
"round2_8epoch_cosine","lr1e-6","5","4","86","9.663771","3.5755959519E-07","cosine"
"round2_8epoch_cosine","lr1e-6","5","4","87","9.968566","3.4892979222E-07","cosine"
"round2_8epoch_cosine","lr1e-6","5","4","88","10.198925","3.4892979222E-07","cosine"
"round2_8epoch_cosine","lr1e-6","5","4","89","10.410641","3.4034923493E-07","cosine"
"round2_8epoch_cosine","lr1e-6","6","5","0","10.384181","3.4034923493E-07","cosine"
"round2_8epoch_cosine","lr1e-6","6","5","1","10.226568","3.4034923493E-07","cosine"
"round2_8epoch_cosine","lr1e-6","6","5","2","10.163869","3.4034923493E-07","cosine"
"round2_8epoch_cosine","lr1e-6","6","5","3","9.99521","3.3182072042E-07","cosine"
"round2_8epoch_cosine","lr1e-6","6","5","4","10.15538","3.3182072042E-07","cosine"
"round2_8epoch_cosine","lr1e-6","6","5","5","10.25592","3.3182072042E-07","cosine"
"round2_8epoch_cosine","lr1e-6","6","5","6","10.243475","3.3182072042E-07","cosine"
"round2_8epoch_cosine","lr1e-6","6","5","7","10.182017","3.2334702881E-07","cosine"
"round2_8epoch_cosine","lr1e-6","6","5","8","10.146259","3.2334702881E-07","cosine"
"round2_8epoch_cosine","lr1e-6","6","5","9","10.769232","3.2334702881E-07","cosine"
"round2_8epoch_cosine","lr1e-6","6","5","10","10.211765","3.2334702881E-07","cosine"
"round2_8epoch_cosine","lr1e-6","6","5","11","9.921407","3.1493092233E-07","cosine"
"round2_8epoch_cosine","lr1e-6","6","5","12","9.854652","3.1493092233E-07","cosine"
"round2_8epoch_cosine","lr1e-6","6","5","13","10.300794","3.1493092233E-07","cosine"
"round2_8epoch_cosine","lr1e-6","6","5","14","10.342531","3.1493092233E-07","cosine"
"round2_8epoch_cosine","lr1e-6","6","5","15","10.286716","3.0657514446E-07","cosine"
"round2_8epoch_cosine","lr1e-6","6","5","16","10.127962","3.0657514446E-07","cosine"
"round2_8epoch_cosine","lr1e-6","6","5","17","9.945041","3.0657514446E-07","cosine"
"round2_8epoch_cosine","lr1e-6","6","5","18","9.482788","3.0657514446E-07","cosine"
"round2_8epoch_cosine","lr1e-6","6","5","19","9.477198","2.9828241901E-07","cosine"
"round2_8epoch_cosine","lr1e-6","6","5","20","10.397124","2.9828241901E-07","cosine"
"round2_8epoch_cosine","lr1e-6","6","5","21","10.105864","2.9828241901E-07","cosine"
"round2_8epoch_cosine","lr1e-6","6","5","22","9.690461","2.9828241901E-07","cosine"
"round2_8epoch_cosine","lr1e-6","6","5","23","9.816176","2.9005544922E-07","cosine"
"round2_8epoch_cosine","lr1e-6","6","5","24","10.446767","2.9005544922E-07","cosine"
"round2_8epoch_cosine","lr1e-6","6","5","25","9.538227","2.9005544922E-07","cosine"
"round2_8epoch_cosine","lr1e-6","6","5","26","9.610949","2.9005544922E-07","cosine"
"round2_8epoch_cosine","lr1e-6","6","5","27","10.162784","2.8189691692E-07","cosine"
"round2_8epoch_cosine","lr1e-6","6","5","28","10.532804","2.8189691692E-07","cosine"
"round2_8epoch_cosine","lr1e-6","6","5","29","9.685611","2.8189691692E-07","cosine"
"round2_8epoch_cosine","lr1e-6","6","5","30","9.760383","2.8189691692E-07","cosine"
"round2_8epoch_cosine","lr1e-6","6","5","31","10.071532","2.7380948162E-07","cosine"
"round2_8epoch_cosine","lr1e-6","6","5","32","9.783514","2.7380948162E-07","cosine"
"round2_8epoch_cosine","lr1e-6","6","5","33","10.399412","2.7380948162E-07","cosine"
"round2_8epoch_cosine","lr1e-6","6","5","34","10.350319","2.7380948162E-07","cosine"
"round2_8epoch_cosine","lr1e-6","6","5","35","9.551384","2.6579577965E-07","cosine"
"round2_8epoch_cosine","lr1e-6","6","5","36","9.869696","2.6579577965E-07","cosine"
"round2_8epoch_cosine","lr1e-6","6","5","37","10.543703","2.6579577965E-07","cosine"
"round2_8epoch_cosine","lr1e-6","6","5","38","10.078105","2.6579577965E-07","cosine"
"round2_8epoch_cosine","lr1e-6","6","5","39","9.400297","2.5785842331E-07","cosine"
"round2_8epoch_cosine","lr1e-6","6","5","40","10.586204","2.5785842331E-07","cosine"
"round2_8epoch_cosine","lr1e-6","6","5","41","9.70626","2.5785842331E-07","cosine"
"round2_8epoch_cosine","lr1e-6","6","5","42","9.912224","2.5785842331E-07","cosine"
"round2_8epoch_cosine","lr1e-6","6","5","43","10.082302","2.5E-07","cosine"
"round2_8epoch_cosine","lr1e-6","6","5","44","10.164462","2.5E-07","cosine"
"round2_8epoch_cosine","lr1e-6","6","5","45","10.132021","2.5E-07","cosine"
"round2_8epoch_cosine","lr1e-6","6","5","46","9.895761","2.5E-07","cosine"
"round2_8epoch_cosine","lr1e-6","6","5","47","10.387922","2.4222307141E-07","cosine"
"round2_8epoch_cosine","lr1e-6","6","5","48","9.510781","2.4222307141E-07","cosine"
"round2_8epoch_cosine","lr1e-6","6","5","49","10.196938","2.4222307141E-07","cosine"
"round2_8epoch_cosine","lr1e-6","6","5","50","10.198371","2.4222307141E-07","cosine"
"round2_8epoch_cosine","lr1e-6","6","5","51","9.951311","2.3453017266E-07","cosine"
"round2_8epoch_cosine","lr1e-6","6","5","52","9.839705","2.3453017266E-07","cosine"
"round2_8epoch_cosine","lr1e-6","6","5","53","10.65104","2.3453017266E-07","cosine"
"round2_8epoch_cosine","lr1e-6","6","5","54","10.338077","2.3453017266E-07","cosine"
"round2_8epoch_cosine","lr1e-6","6","5","55","9.239394","2.2692381145E-07","cosine"
"round2_8epoch_cosine","lr1e-6","6","5","56","9.787305","2.2692381145E-07","cosine"
"round2_8epoch_cosine","lr1e-6","6","5","57","9.90255","2.2692381145E-07","cosine"
"round2_8epoch_cosine","lr1e-6","6","5","58","10.063911","2.2692381145E-07","cosine"
"round2_8epoch_cosine","lr1e-6","6","5","59","10.251395","2.1940646732E-07","cosine"
"round2_8epoch_cosine","lr1e-6","6","5","60","10.013144","2.1940646732E-07","cosine"
"round2_8epoch_cosine","lr1e-6","6","5","61","9.551758","2.1940646732E-07","cosine"
"round2_8epoch_cosine","lr1e-6","6","5","62","9.859769","2.1940646732E-07","cosine"
"round2_8epoch_cosine","lr1e-6","6","5","63","10.464674","2.1198059075E-07","cosine"
"round2_8epoch_cosine","lr1e-6","6","5","64","9.6703","2.1198059075E-07","cosine"
"round2_8epoch_cosine","lr1e-6","6","5","65","9.541835","2.1198059075E-07","cosine"
"round2_8epoch_cosine","lr1e-6","6","5","66","9.400343","2.1198059075E-07","cosine"
"round2_8epoch_cosine","lr1e-6","6","5","67","10.403275","2.0464860242E-07","cosine"
"round2_8epoch_cosine","lr1e-6","6","5","68","9.612579","2.0464860242E-07","cosine"
"round2_8epoch_cosine","lr1e-6","6","5","69","9.403237","2.0464860242E-07","cosine"
"round2_8epoch_cosine","lr1e-6","6","5","70","9.632506","2.0464860242E-07","cosine"
"round2_8epoch_cosine","lr1e-6","6","5","71","10.263939","1.974128924E-07","cosine"
"round2_8epoch_cosine","lr1e-6","6","5","72","10.127498","1.974128924E-07","cosine"
"round2_8epoch_cosine","lr1e-6","6","5","73","10.31568","1.974128924E-07","cosine"
"round2_8epoch_cosine","lr1e-6","6","5","74","10.16226","1.974128924E-07","cosine"
"round2_8epoch_cosine","lr1e-6","6","5","75","10.819676","1.9027581939E-07","cosine"
"round2_8epoch_cosine","lr1e-6","6","5","76","9.90906","1.9027581939E-07","cosine"
"round2_8epoch_cosine","lr1e-6","6","5","77","10.560665","1.9027581939E-07","cosine"
"round2_8epoch_cosine","lr1e-6","6","5","78","10.377751","1.9027581939E-07","cosine"
"round2_8epoch_cosine","lr1e-6","6","5","79","10.237578","1.8323970992E-07","cosine"
"round2_8epoch_cosine","lr1e-6","6","5","80","10.075205","1.8323970992E-07","cosine"
"round2_8epoch_cosine","lr1e-6","6","5","81","10.263349","1.8323970992E-07","cosine"
"round2_8epoch_cosine","lr1e-6","6","5","82","10.343542","1.8323970992E-07","cosine"
"round2_8epoch_cosine","lr1e-6","6","5","83","9.305223","1.7630685761E-07","cosine"
"round2_8epoch_cosine","lr1e-6","6","5","84","9.914653","1.7630685761E-07","cosine"
"round2_8epoch_cosine","lr1e-6","6","5","85","10.269474","1.7630685761E-07","cosine"
"round2_8epoch_cosine","lr1e-6","6","5","86","10.211872","1.7630685761E-07","cosine"
"round2_8epoch_cosine","lr1e-6","6","5","87","9.735266","1.6947952242E-07","cosine"
"round2_8epoch_cosine","lr1e-6","6","5","88","10.023702","1.6947952242E-07","cosine"
"round2_8epoch_cosine","lr1e-6","6","5","89","9.379866","1.6275992993E-07","cosine"
"round2_8epoch_cosine","lr1e-6","7","6","0","10.360575","1.6275992993E-07","cosine"
"round2_8epoch_cosine","lr1e-6","7","6","1","10.693091","1.6275992993E-07","cosine"
"round2_8epoch_cosine","lr1e-6","7","6","2","10.14878","1.6275992993E-07","cosine"
"round2_8epoch_cosine","lr1e-6","7","6","3","9.416586","1.5615027057E-07","cosine"
"round2_8epoch_cosine","lr1e-6","7","6","4","9.982288","1.5615027057E-07","cosine"
"round2_8epoch_cosine","lr1e-6","7","6","5","10.590831","1.5615027057E-07","cosine"
"round2_8epoch_cosine","lr1e-6","7","6","6","10.160212","1.5615027057E-07","cosine"
"round2_8epoch_cosine","lr1e-6","7","6","7","10.254827","1.4965269896E-07","cosine"
"round2_8epoch_cosine","lr1e-6","7","6","8","10.064464","1.4965269896E-07","cosine"
"round2_8epoch_cosine","lr1e-6","7","6","9","9.382837","1.4965269896E-07","cosine"
"round2_8epoch_cosine","lr1e-6","7","6","10","9.911858","1.4965269896E-07","cosine"
"round2_8epoch_cosine","lr1e-6","7","6","11","10.71171","1.4326933317E-07","cosine"
"round2_8epoch_cosine","lr1e-6","7","6","12","9.229736","1.4326933317E-07","cosine"
"round2_8epoch_cosine","lr1e-6","7","6","13","10.232933","1.4326933317E-07","cosine"
"round2_8epoch_cosine","lr1e-6","7","6","14","10.031656","1.4326933317E-07","cosine"
"round2_8epoch_cosine","lr1e-6","7","6","15","10.403852","1.3700225404E-07","cosine"
"round2_8epoch_cosine","lr1e-6","7","6","16","9.7387","1.3700225404E-07","cosine"
"round2_8epoch_cosine","lr1e-6","7","6","17","10.642279","1.3700225404E-07","cosine"
"round2_8epoch_cosine","lr1e-6","7","6","18","10.470435","1.3700225404E-07","cosine"
"round2_8epoch_cosine","lr1e-6","7","6","19","9.319809","1.308535045E-07","cosine"
"round2_8epoch_cosine","lr1e-6","7","6","20","9.851976","1.308535045E-07","cosine"
"round2_8epoch_cosine","lr1e-6","7","6","21","9.54849","1.308535045E-07","cosine"
"round2_8epoch_cosine","lr1e-6","7","6","22","9.485415","1.308535045E-07","cosine"
"round2_8epoch_cosine","lr1e-6","7","6","23","9.596542","1.2482508892E-07","cosine"
"round2_8epoch_cosine","lr1e-6","7","6","24","10.111835","1.2482508892E-07","cosine"
"round2_8epoch_cosine","lr1e-6","7","6","25","10.201839","1.2482508892E-07","cosine"
"round2_8epoch_cosine","lr1e-6","7","6","26","10.6521","1.2482508892E-07","cosine"
"round2_8epoch_cosine","lr1e-6","7","6","27","10.250225","1.1891897244E-07","cosine"
"round2_8epoch_cosine","lr1e-6","7","6","28","10.297667","1.1891897244E-07","cosine"
"round2_8epoch_cosine","lr1e-6","7","6","29","10.002921","1.1891897244E-07","cosine"
"round2_8epoch_cosine","lr1e-6","7","6","30","9.638548","1.1891897244E-07","cosine"
"round2_8epoch_cosine","lr1e-6","7","6","31","10.293161","1.1313708031E-07","cosine"
"round2_8epoch_cosine","lr1e-6","7","6","32","9.387585","1.1313708031E-07","cosine"
"round2_8epoch_cosine","lr1e-6","7","6","33","9.151146","1.1313708031E-07","cosine"
"round2_8epoch_cosine","lr1e-6","7","6","34","9.916295","1.1313708031E-07","cosine"
"round2_8epoch_cosine","lr1e-6","7","6","35","10.104797","1.0748129733E-07","cosine"
"round2_8epoch_cosine","lr1e-6","7","6","36","9.319643","1.0748129733E-07","cosine"
"round2_8epoch_cosine","lr1e-6","7","6","37","10.162771","1.0748129733E-07","cosine"
"round2_8epoch_cosine","lr1e-6","7","6","38","9.949059","1.0748129733E-07","cosine"
"round2_8epoch_cosine","lr1e-6","7","6","39","9.666437","1.0195346715E-07","cosine"
"round2_8epoch_cosine","lr1e-6","7","6","40","10.016469","1.0195346715E-07","cosine"
"round2_8epoch_cosine","lr1e-6","7","6","41","9.887829","1.0195346715E-07","cosine"
"round2_8epoch_cosine","lr1e-6","7","6","42","10.304888","1.0195346715E-07","cosine"
"round2_8epoch_cosine","lr1e-6","7","6","43","10.178182","9.6555391725E-08","cosine"
"round2_8epoch_cosine","lr1e-6","7","6","44","9.537064","9.6555391725E-08","cosine"
"round2_8epoch_cosine","lr1e-6","7","6","45","10.076321","9.6555391725E-08","cosine"
"round2_8epoch_cosine","lr1e-6","7","6","46","9.661786","9.6555391725E-08","cosine"
"round2_8epoch_cosine","lr1e-6","7","6","47","9.913179","9.1288830721E-08","cosine"
"round2_8epoch_cosine","lr1e-6","7","6","48","10.150743","9.1288830721E-08","cosine"
"round2_8epoch_cosine","lr1e-6","7","6","49","9.567241","9.1288830721E-08","cosine"
"round2_8epoch_cosine","lr1e-6","7","6","50","9.873863","9.1288830721E-08","cosine"
"round2_8epoch_cosine","lr1e-6","7","6","51","10.287182","8.6155500922E-08","cosine"
"round2_8epoch_cosine","lr1e-6","7","6","52","9.72796","8.6155500922E-08","cosine"
"round2_8epoch_cosine","lr1e-6","7","6","53","10.154175","8.6155500922E-08","cosine"
"round2_8epoch_cosine","lr1e-6","7","6","54","9.332026","8.6155500922E-08","cosine"
"round2_8epoch_cosine","lr1e-6","7","6","55","10.381073","8.1157075685E-08","cosine"
"round2_8epoch_cosine","lr1e-6","7","6","56","10.209574","8.1157075685E-08","cosine"
"round2_8epoch_cosine","lr1e-6","7","6","57","10.111238","8.1157075685E-08","cosine"
"round2_8epoch_cosine","lr1e-6","7","6","58","10.494514","8.1157075685E-08","cosine"
"round2_8epoch_cosine","lr1e-6","7","6","59","10.387845","7.6295184392E-08","cosine"
"round2_8epoch_cosine","lr1e-6","7","6","60","9.470457","7.6295184392E-08","cosine"
"round2_8epoch_cosine","lr1e-6","7","6","61","9.638087","7.6295184392E-08","cosine"
"round2_8epoch_cosine","lr1e-6","7","6","62","10.612358","7.6295184392E-08","cosine"
"round2_8epoch_cosine","lr1e-6","7","6","63","10.074658","7.1571411916E-08","cosine"
"round2_8epoch_cosine","lr1e-6","7","6","64","10.149439","7.1571411916E-08","cosine"
"round2_8epoch_cosine","lr1e-6","7","6","65","9.94233","7.1571411916E-08","cosine"
"round2_8epoch_cosine","lr1e-6","7","6","66","10.182856","7.1571411916E-08","cosine"
"round2_8epoch_cosine","lr1e-6","7","6","67","9.76008","6.6987298108E-08","cosine"
"round2_8epoch_cosine","lr1e-6","7","6","68","9.768059","6.6987298108E-08","cosine"
"round2_8epoch_cosine","lr1e-6","7","6","69","9.668232","6.6987298108E-08","cosine"
"round2_8epoch_cosine","lr1e-6","7","6","70","9.903559","6.6987298108E-08","cosine"
"round2_8epoch_cosine","lr1e-6","7","6","71","9.981842","6.2544337291E-08","cosine"
"round2_8epoch_cosine","lr1e-6","7","6","72","9.792734","6.2544337291E-08","cosine"
"round2_8epoch_cosine","lr1e-6","7","6","73","10.347136","6.2544337291E-08","cosine"
"round2_8epoch_cosine","lr1e-6","7","6","74","10.344378","6.2544337291E-08","cosine"
"round2_8epoch_cosine","lr1e-6","7","6","75","10.393911","5.8243977777E-08","cosine"
"round2_8epoch_cosine","lr1e-6","7","6","76","9.740815","5.8243977777E-08","cosine"
"round2_8epoch_cosine","lr1e-6","7","6","77","9.537214","5.8243977777E-08","cosine"
"round2_8epoch_cosine","lr1e-6","7","6","78","9.813362","5.8243977777E-08","cosine"
"round2_8epoch_cosine","lr1e-6","7","6","79","10.145491","5.4087621392E-08","cosine"
"round2_8epoch_cosine","lr1e-6","7","6","80","9.878073","5.4087621392E-08","cosine"
"round2_8epoch_cosine","lr1e-6","7","6","81","10.354134","5.4087621392E-08","cosine"
"round2_8epoch_cosine","lr1e-6","7","6","82","9.906157","5.4087621392E-08","cosine"
"round2_8epoch_cosine","lr1e-6","7","6","83","10.5118","5.0076623021E-08","cosine"
"round2_8epoch_cosine","lr1e-6","7","6","84","10.382717","5.0076623021E-08","cosine"
"round2_8epoch_cosine","lr1e-6","7","6","85","10.054983","5.0076623021E-08","cosine"
"round2_8epoch_cosine","lr1e-6","7","6","86","9.675004","5.0076623021E-08","cosine"
"round2_8epoch_cosine","lr1e-6","7","6","87","10.453042","4.6212290165E-08","cosine"
"round2_8epoch_cosine","lr1e-6","7","6","88","9.489403","4.6212290165E-08","cosine"
"round2_8epoch_cosine","lr1e-6","7","6","89","10.098186","4.2495882513E-08","cosine"
"round2_8epoch_cosine","lr1e-6","8","7","0","9.603489","4.2495882513E-08","cosine"
"round2_8epoch_cosine","lr1e-6","8","7","1","9.578405","4.2495882513E-08","cosine"
"round2_8epoch_cosine","lr1e-6","8","7","2","9.864816","4.2495882513E-08","cosine"
"round2_8epoch_cosine","lr1e-6","8","7","3","9.432796","3.8928611537E-08","cosine"
"round2_8epoch_cosine","lr1e-6","8","7","4","9.471588","3.8928611537E-08","cosine"
"round2_8epoch_cosine","lr1e-6","8","7","5","9.764727","3.8928611537E-08","cosine"
"round2_8epoch_cosine","lr1e-6","8","7","6","9.990114","3.8928611537E-08","cosine"
"round2_8epoch_cosine","lr1e-6","8","7","7","10.198624","3.5511640092E-08","cosine"
"round2_8epoch_cosine","lr1e-6","8","7","8","10.094503","3.5511640092E-08","cosine"
"round2_8epoch_cosine","lr1e-6","8","7","9","10.403831","3.5511640092E-08","cosine"
"round2_8epoch_cosine","lr1e-6","8","7","10","10.100222","3.5511640092E-08","cosine"
"round2_8epoch_cosine","lr1e-6","8","7","11","9.450357","3.2246082037E-08","cosine"
"round2_8epoch_cosine","lr1e-6","8","7","12","10.06167","3.2246082037E-08","cosine"
"round2_8epoch_cosine","lr1e-6","8","7","13","10.462006","3.2246082037E-08","cosine"
"round2_8epoch_cosine","lr1e-6","8","7","14","10.11878","3.2246082037E-08","cosine"
"round2_8epoch_cosine","lr1e-6","8","7","15","9.895674","2.9133001877E-08","cosine"
"round2_8epoch_cosine","lr1e-6","8","7","16","9.825771","2.9133001877E-08","cosine"
"round2_8epoch_cosine","lr1e-6","8","7","17","10.250568","2.9133001877E-08","cosine"
"round2_8epoch_cosine","lr1e-6","8","7","18","10.403416","2.9133001877E-08","cosine"
"round2_8epoch_cosine","lr1e-6","8","7","19","9.724276","2.6173414409E-08","cosine"
"round2_8epoch_cosine","lr1e-6","8","7","20","10.336872","2.6173414409E-08","cosine"
"round2_8epoch_cosine","lr1e-6","8","7","21","9.562721","2.6173414409E-08","cosine"
"round2_8epoch_cosine","lr1e-6","8","7","22","10.483785","2.6173414409E-08","cosine"
"round2_8epoch_cosine","lr1e-6","8","7","23","9.34538","2.3368284396E-08","cosine"
"round2_8epoch_cosine","lr1e-6","8","7","24","9.982806","2.3368284396E-08","cosine"
"round2_8epoch_cosine","lr1e-6","8","7","25","10.197911","2.3368284396E-08","cosine"
"round2_8epoch_cosine","lr1e-6","8","7","26","9.707647","2.3368284396E-08","cosine"
"round2_8epoch_cosine","lr1e-6","8","7","27","10.410933","2.0718526251E-08","cosine"
"round2_8epoch_cosine","lr1e-6","8","7","28","9.341105","2.0718526251E-08","cosine"
"round2_8epoch_cosine","lr1e-6","8","7","29","9.831379","2.0718526251E-08","cosine"
"round2_8epoch_cosine","lr1e-6","8","7","30","10.197247","2.0718526251E-08","cosine"
"round2_8epoch_cosine","lr1e-6","8","7","31","10.273157","1.822500374E-08","cosine"
"round2_8epoch_cosine","lr1e-6","8","7","32","10.558471","1.822500374E-08","cosine"
"round2_8epoch_cosine","lr1e-6","8","7","33","9.335649","1.822500374E-08","cosine"
"round2_8epoch_cosine","lr1e-6","8","7","34","10.419062","1.822500374E-08","cosine"
"round2_8epoch_cosine","lr1e-6","8","7","35","10.542112","1.5888529699E-08","cosine"
"round2_8epoch_cosine","lr1e-6","8","7","36","9.505268","1.5888529699E-08","cosine"
"round2_8epoch_cosine","lr1e-6","8","7","37","10.148612","1.5888529699E-08","cosine"
"round2_8epoch_cosine","lr1e-6","8","7","38","10.602819","1.5888529699E-08","cosine"
"round2_8epoch_cosine","lr1e-6","8","7","39","9.860014","1.3709865767E-08","cosine"
"round2_8epoch_cosine","lr1e-6","8","7","40","10.507343","1.3709865767E-08","cosine"
"round2_8epoch_cosine","lr1e-6","8","7","41","9.862268","1.3709865767E-08","cosine"
"round2_8epoch_cosine","lr1e-6","8","7","42","8.95563","1.3709865767E-08","cosine"
"round2_8epoch_cosine","lr1e-6","8","7","43","9.43166","1.1689722145E-08","cosine"
"round2_8epoch_cosine","lr1e-6","8","7","44","10.328135","1.1689722145E-08","cosine"
"round2_8epoch_cosine","lr1e-6","8","7","45","9.947204","1.1689722145E-08","cosine"
"round2_8epoch_cosine","lr1e-6","8","7","46","10.400759","1.1689722145E-08","cosine"
"round2_8epoch_cosine","lr1e-6","8","7","47","10.366909","9.8287573554E-09","cosine"
"round2_8epoch_cosine","lr1e-6","8","7","48","9.641582","9.8287573554E-09","cosine"
"round2_8epoch_cosine","lr1e-6","8","7","49","9.726481","9.8287573554E-09","cosine"
"round2_8epoch_cosine","lr1e-6","8","7","50","10.081409","9.8287573554E-09","cosine"
"round2_8epoch_cosine","lr1e-6","8","7","51","10.198116","8.127578034E-09","cosine"
"round2_8epoch_cosine","lr1e-6","8","7","52","9.845451","8.127578034E-09","cosine"
"round2_8epoch_cosine","lr1e-6","8","7","53","9.770844","8.127578034E-09","cosine"
"round2_8epoch_cosine","lr1e-6","8","7","54","10.121181","8.127578034E-09","cosine"
"round2_8epoch_cosine","lr1e-6","8","7","55","9.975802","6.5867387292E-09","cosine"
"round2_8epoch_cosine","lr1e-6","8","7","56","10.31177","6.5867387292E-09","cosine"
"round2_8epoch_cosine","lr1e-6","8","7","57","10.25796","6.5867387292E-09","cosine"
"round2_8epoch_cosine","lr1e-6","8","7","58","10.272866","6.5867387292E-09","cosine"
"round2_8epoch_cosine","lr1e-6","8","7","59","10.223275","5.2067417222E-09","cosine"
"round2_8epoch_cosine","lr1e-6","8","7","60","9.657481","5.2067417222E-09","cosine"
"round2_8epoch_cosine","lr1e-6","8","7","61","9.95784","5.2067417222E-09","cosine"
"round2_8epoch_cosine","lr1e-6","8","7","62","10.075343","5.2067417222E-09","cosine"
"round2_8epoch_cosine","lr1e-6","8","7","63","9.87743","3.9880368627E-09","cosine"
"round2_8epoch_cosine","lr1e-6","8","7","64","10.405788","3.9880368627E-09","cosine"
"round2_8epoch_cosine","lr1e-6","8","7","65","9.619701","3.9880368627E-09","cosine"
"round2_8epoch_cosine","lr1e-6","8","7","66","9.250436","3.9880368627E-09","cosine"
"round2_8epoch_cosine","lr1e-6","8","7","67","9.93362","2.9310214228E-09","cosine"
"round2_8epoch_cosine","lr1e-6","8","7","68","9.642363","2.9310214228E-09","cosine"
"round2_8epoch_cosine","lr1e-6","8","7","69","9.113522","2.9310214228E-09","cosine"
"round2_8epoch_cosine","lr1e-6","8","7","70","10.185532","2.9310214228E-09","cosine"
"round2_8epoch_cosine","lr1e-6","8","7","71","10.618711","2.0360399672E-09","cosine"
"round2_8epoch_cosine","lr1e-6","8","7","72","10.040884","2.0360399672E-09","cosine"
"round2_8epoch_cosine","lr1e-6","8","7","73","9.939585","2.0360399672E-09","cosine"
"round2_8epoch_cosine","lr1e-6","8","7","74","9.590779","2.0360399672E-09","cosine"
"round2_8epoch_cosine","lr1e-6","8","7","75","9.905937","1.303384241E-09","cosine"
"round2_8epoch_cosine","lr1e-6","8","7","76","10.105625","1.303384241E-09","cosine"
"round2_8epoch_cosine","lr1e-6","8","7","77","10.267878","1.303384241E-09","cosine"
"round2_8epoch_cosine","lr1e-6","8","7","78","9.896552","1.303384241E-09","cosine"
"round2_8epoch_cosine","lr1e-6","8","7","79","10.522968","7.3329307444E-10","cosine"
"round2_8epoch_cosine","lr1e-6","8","7","80","9.789444","7.3329307444E-10","cosine"
"round2_8epoch_cosine","lr1e-6","8","7","81","9.316111","7.3329307444E-10","cosine"
"round2_8epoch_cosine","lr1e-6","8","7","82","10.131643","7.3329307444E-10","cosine"
"round2_8epoch_cosine","lr1e-6","8","7","83","10.312591","3.2595230516E-10","cosine"
"round2_8epoch_cosine","lr1e-6","8","7","84","10.64395","3.2595230516E-10","cosine"
"round2_8epoch_cosine","lr1e-6","8","7","85","10.686085","3.2595230516E-10","cosine"
"round2_8epoch_cosine","lr1e-6","8","7","86","9.901438","3.2595230516E-10","cosine"
"round2_8epoch_cosine","lr1e-6","8","7","87","10.405801","8.1494717679E-11","cosine"
"round2_8epoch_cosine","lr1e-6","8","7","88","9.855078","8.1494717679E-11","cosine"
"round2_8epoch_cosine","lr1e-6","8","7","89","9.717795","0","cosine"
"round2_8epoch_cosine","lr1.5e-6","1","0","0","15.13411","0","cosine"
"round2_8epoch_cosine","lr1.5e-6","1","0","1","15.065191","0","cosine"
"round2_8epoch_cosine","lr1.5e-6","1","0","2","14.668519","0","cosine"
"round2_8epoch_cosine","lr1.5e-6","1","0","3","14.709749","1.5E-07","cosine"
"round2_8epoch_cosine","lr1.5e-6","1","0","4","14.25516","1.5E-07","cosine"
"round2_8epoch_cosine","lr1.5e-6","1","0","5","15.140528","1.5E-07","cosine"
"round2_8epoch_cosine","lr1.5e-6","1","0","6","14.436814","1.5E-07","cosine"
"round2_8epoch_cosine","lr1.5e-6","1","0","7","14.409559","3E-07","cosine"
"round2_8epoch_cosine","lr1.5e-6","1","0","8","14.418455","3E-07","cosine"
"round2_8epoch_cosine","lr1.5e-6","1","0","9","14.862561","3E-07","cosine"
"round2_8epoch_cosine","lr1.5e-6","1","0","10","13.886361","3E-07","cosine"
"round2_8epoch_cosine","lr1.5e-6","1","0","11","14.386027","4.5E-07","cosine"
"round2_8epoch_cosine","lr1.5e-6","1","0","12","14.54114","4.5E-07","cosine"
"round2_8epoch_cosine","lr1.5e-6","1","0","13","14.877142","4.5E-07","cosine"
"round2_8epoch_cosine","lr1.5e-6","1","0","14","15.586889","4.5E-07","cosine"
"round2_8epoch_cosine","lr1.5e-6","1","0","15","13.50209","6E-07","cosine"
"round2_8epoch_cosine","lr1.5e-6","1","0","16","15.216454","6E-07","cosine"
"round2_8epoch_cosine","lr1.5e-6","1","0","17","14.280891","6E-07","cosine"
"round2_8epoch_cosine","lr1.5e-6","1","0","18","14.666935","6E-07","cosine"
"round2_8epoch_cosine","lr1.5e-6","1","0","19","13.912227","7.5E-07","cosine"
"round2_8epoch_cosine","lr1.5e-6","1","0","20","13.845715","7.5E-07","cosine"
"round2_8epoch_cosine","lr1.5e-6","1","0","21","14.424458","7.5E-07","cosine"
"round2_8epoch_cosine","lr1.5e-6","1","0","22","13.992435","7.5E-07","cosine"
"round2_8epoch_cosine","lr1.5e-6","1","0","23","15.305036","9E-07","cosine"
"round2_8epoch_cosine","lr1.5e-6","1","0","24","14.427426","9E-07","cosine"
"round2_8epoch_cosine","lr1.5e-6","1","0","25","14.531534","9E-07","cosine"
"round2_8epoch_cosine","lr1.5e-6","1","0","26","14.229304","9E-07","cosine"
"round2_8epoch_cosine","lr1.5e-6","1","0","27","14.498392","1.05E-06","cosine"
"round2_8epoch_cosine","lr1.5e-6","1","0","28","13.847201","1.05E-06","cosine"
"round2_8epoch_cosine","lr1.5e-6","1","0","29","13.51195","1.05E-06","cosine"
"round2_8epoch_cosine","lr1.5e-6","1","0","30","14.913698","1.05E-06","cosine"
"round2_8epoch_cosine","lr1.5e-6","1","0","31","13.90116","1.2E-06","cosine"
"round2_8epoch_cosine","lr1.5e-6","1","0","32","13.897323","1.2E-06","cosine"
"round2_8epoch_cosine","lr1.5e-6","1","0","33","13.917789","1.2E-06","cosine"
"round2_8epoch_cosine","lr1.5e-6","1","0","34","14.117678","1.2E-06","cosine"
"round2_8epoch_cosine","lr1.5e-6","1","0","35","14.130407","1.35E-06","cosine"
"round2_8epoch_cosine","lr1.5e-6","1","0","36","14.171303","1.35E-06","cosine"
"round2_8epoch_cosine","lr1.5e-6","1","0","37","14.161502","1.35E-06","cosine"
"round2_8epoch_cosine","lr1.5e-6","1","0","38","14.632774","1.35E-06","cosine"
"round2_8epoch_cosine","lr1.5e-6","1","0","39","13.604596","1.5E-06","cosine"
"round2_8epoch_cosine","lr1.5e-6","1","0","40","13.396178","1.5E-06","cosine"
"round2_8epoch_cosine","lr1.5e-6","1","0","41","13.978929","1.5E-06","cosine"
"round2_8epoch_cosine","lr1.5e-6","1","0","42","13.620793","1.5E-06","cosine"
"round2_8epoch_cosine","lr1.5e-6","1","0","43","13.568722","1.4998777579E-06","cosine"
"round2_8epoch_cosine","lr1.5e-6","1","0","44","14.075617","1.4998777579E-06","cosine"
"round2_8epoch_cosine","lr1.5e-6","1","0","45","13.752565","1.4998777579E-06","cosine"
"round2_8epoch_cosine","lr1.5e-6","1","0","46","14.617924","1.4998777579E-06","cosine"
"round2_8epoch_cosine","lr1.5e-6","1","0","47","13.663507","1.4995110715E-06","cosine"
"round2_8epoch_cosine","lr1.5e-6","1","0","48","13.867876","1.4995110715E-06","cosine"
"round2_8epoch_cosine","lr1.5e-6","1","0","49","13.358259","1.4995110715E-06","cosine"
"round2_8epoch_cosine","lr1.5e-6","1","0","50","13.066655","1.4995110715E-06","cosine"
"round2_8epoch_cosine","lr1.5e-6","1","0","51","13.871566","1.4989000604E-06","cosine"
"round2_8epoch_cosine","lr1.5e-6","1","0","52","13.06513","1.4989000604E-06","cosine"
"round2_8epoch_cosine","lr1.5e-6","1","0","53","14.095587","1.4989000604E-06","cosine"
"round2_8epoch_cosine","lr1.5e-6","1","0","54","13.670799","1.4989000604E-06","cosine"
"round2_8epoch_cosine","lr1.5e-6","1","0","55","12.990773","1.4980449236E-06","cosine"
"round2_8epoch_cosine","lr1.5e-6","1","0","56","14.035978","1.4980449236E-06","cosine"
"round2_8epoch_cosine","lr1.5e-6","1","0","57","13.425194","1.4980449236E-06","cosine"
"round2_8epoch_cosine","lr1.5e-6","1","0","58","13.089337","1.4980449236E-06","cosine"
"round2_8epoch_cosine","lr1.5e-6","1","0","59","13.894019","1.49694594E-06","cosine"
"round2_8epoch_cosine","lr1.5e-6","1","0","60","13.000464","1.49694594E-06","cosine"
"round2_8epoch_cosine","lr1.5e-6","1","0","61","14.037898","1.49694594E-06","cosine"
"round2_8epoch_cosine","lr1.5e-6","1","0","62","13.458201","1.49694594E-06","cosine"
"round2_8epoch_cosine","lr1.5e-6","1","0","63","13.355725","1.4956034679E-06","cosine"
"round2_8epoch_cosine","lr1.5e-6","1","0","64","13.34104","1.4956034679E-06","cosine"
"round2_8epoch_cosine","lr1.5e-6","1","0","65","13.369518","1.4956034679E-06","cosine"
"round2_8epoch_cosine","lr1.5e-6","1","0","66","12.87045","1.4956034679E-06","cosine"
"round2_8epoch_cosine","lr1.5e-6","1","0","67","12.664988","1.4940179447E-06","cosine"
"round2_8epoch_cosine","lr1.5e-6","1","0","68","12.825849","1.4940179447E-06","cosine"
"round2_8epoch_cosine","lr1.5e-6","1","0","69","12.927909","1.4940179447E-06","cosine"
"round2_8epoch_cosine","lr1.5e-6","1","0","70","13.158294","1.4940179447E-06","cosine"
"round2_8epoch_cosine","lr1.5e-6","1","0","71","12.32737","1.4921898874E-06","cosine"
"round2_8epoch_cosine","lr1.5e-6","1","0","72","12.613832","1.4921898874E-06","cosine"
"round2_8epoch_cosine","lr1.5e-6","1","0","73","13.186937","1.4921898874E-06","cosine"
"round2_8epoch_cosine","lr1.5e-6","1","0","74","12.969519","1.4921898874E-06","cosine"
"round2_8epoch_cosine","lr1.5e-6","1","0","75","13.551117","1.4901198919E-06","cosine"
"round2_8epoch_cosine","lr1.5e-6","1","0","76","12.158806","1.4901198919E-06","cosine"
"round2_8epoch_cosine","lr1.5e-6","1","0","77","12.565443","1.4901198919E-06","cosine"
"round2_8epoch_cosine","lr1.5e-6","1","0","78","12.830548","1.4901198919E-06","cosine"
"round2_8epoch_cosine","lr1.5e-6","1","0","79","12.146858","1.4878086329E-06","cosine"
"round2_8epoch_cosine","lr1.5e-6","1","0","80","11.792244","1.4878086329E-06","cosine"
"round2_8epoch_cosine","lr1.5e-6","1","0","81","12.387352","1.4878086329E-06","cosine"
"round2_8epoch_cosine","lr1.5e-6","1","0","82","12.569118","1.4878086329E-06","cosine"
"round2_8epoch_cosine","lr1.5e-6","1","0","83","12.27047","1.485256864E-06","cosine"
"round2_8epoch_cosine","lr1.5e-6","1","0","84","12.263807","1.485256864E-06","cosine"
"round2_8epoch_cosine","lr1.5e-6","1","0","85","11.965444","1.485256864E-06","cosine"
"round2_8epoch_cosine","lr1.5e-6","1","0","86","13.053204","1.485256864E-06","cosine"
"round2_8epoch_cosine","lr1.5e-6","1","0","87","11.743506","1.4824654168E-06","cosine"
"round2_8epoch_cosine","lr1.5e-6","1","0","88","12.138509","1.4824654168E-06","cosine"
"round2_8epoch_cosine","lr1.5e-6","1","0","89","12.496681","1.4794352013E-06","cosine"
"round2_8epoch_cosine","lr1.5e-6","2","1","0","11.37606","1.4794352013E-06","cosine"
"round2_8epoch_cosine","lr1.5e-6","2","1","1","12.901536","1.4794352013E-06","cosine"
"round2_8epoch_cosine","lr1.5e-6","2","1","2","11.840725","1.4794352013E-06","cosine"
"round2_8epoch_cosine","lr1.5e-6","2","1","3","11.51476","1.4761672055E-06","cosine"
"round2_8epoch_cosine","lr1.5e-6","2","1","4","12.151258","1.4761672055E-06","cosine"
"round2_8epoch_cosine","lr1.5e-6","2","1","5","12.508608","1.4761672055E-06","cosine"
"round2_8epoch_cosine","lr1.5e-6","2","1","6","11.304887","1.4761672055E-06","cosine"
"round2_8epoch_cosine","lr1.5e-6","2","1","7","12.960108","1.4726624944E-06","cosine"
"round2_8epoch_cosine","lr1.5e-6","2","1","8","11.234362","1.4726624944E-06","cosine"
"round2_8epoch_cosine","lr1.5e-6","2","1","9","11.886782","1.4726624944E-06","cosine"
"round2_8epoch_cosine","lr1.5e-6","2","1","10","11.953419","1.4726624944E-06","cosine"
"round2_8epoch_cosine","lr1.5e-6","2","1","11","11.23181","1.4689222106E-06","cosine"
"round2_8epoch_cosine","lr1.5e-6","2","1","12","12.135803","1.4689222106E-06","cosine"
"round2_8epoch_cosine","lr1.5e-6","2","1","13","11.76469","1.4689222106E-06","cosine"
"round2_8epoch_cosine","lr1.5e-6","2","1","14","11.697714","1.4689222106E-06","cosine"
"round2_8epoch_cosine","lr1.5e-6","2","1","15","11.691245","1.4649475734E-06","cosine"
"round2_8epoch_cosine","lr1.5e-6","2","1","16","11.657274","1.4649475734E-06","cosine"
"round2_8epoch_cosine","lr1.5e-6","2","1","17","11.845009","1.4649475734E-06","cosine"
"round2_8epoch_cosine","lr1.5e-6","2","1","18","11.448312","1.4649475734E-06","cosine"
"round2_8epoch_cosine","lr1.5e-6","2","1","19","11.124675","1.4607398784E-06","cosine"
"round2_8epoch_cosine","lr1.5e-6","2","1","20","11.302783","1.4607398784E-06","cosine"
"round2_8epoch_cosine","lr1.5e-6","2","1","21","12.088568","1.4607398784E-06","cosine"
"round2_8epoch_cosine","lr1.5e-6","2","1","22","11.591116","1.4607398784E-06","cosine"
"round2_8epoch_cosine","lr1.5e-6","2","1","23","11.274636","1.4563004972E-06","cosine"
"round2_8epoch_cosine","lr1.5e-6","2","1","24","12.020173","1.4563004972E-06","cosine"
"round2_8epoch_cosine","lr1.5e-6","2","1","25","11.362389","1.4563004972E-06","cosine"
"round2_8epoch_cosine","lr1.5e-6","2","1","26","11.239531","1.4563004972E-06","cosine"
"round2_8epoch_cosine","lr1.5e-6","2","1","27","11.397389","1.4516308769E-06","cosine"
"round2_8epoch_cosine","lr1.5e-6","2","1","28","10.946976","1.4516308769E-06","cosine"
"round2_8epoch_cosine","lr1.5e-6","2","1","29","10.735518","1.4516308769E-06","cosine"
"round2_8epoch_cosine","lr1.5e-6","2","1","30","11.044252","1.4516308769E-06","cosine"
"round2_8epoch_cosine","lr1.5e-6","2","1","31","11.501941","1.4467325399E-06","cosine"
"round2_8epoch_cosine","lr1.5e-6","2","1","32","11.443583","1.4467325399E-06","cosine"
"round2_8epoch_cosine","lr1.5e-6","2","1","33","11.499589","1.4467325399E-06","cosine"
"round2_8epoch_cosine","lr1.5e-6","2","1","34","11.372642","1.4467325399E-06","cosine"
"round2_8epoch_cosine","lr1.5e-6","2","1","35","12.053929","1.4416070827E-06","cosine"
"round2_8epoch_cosine","lr1.5e-6","2","1","36","10.648005","1.4416070827E-06","cosine"
"round2_8epoch_cosine","lr1.5e-6","2","1","37","10.966148","1.4416070827E-06","cosine"
"round2_8epoch_cosine","lr1.5e-6","2","1","38","10.723723","1.4416070827E-06","cosine"
"round2_8epoch_cosine","lr1.5e-6","2","1","39","11.083456","1.4362561762E-06","cosine"
"round2_8epoch_cosine","lr1.5e-6","2","1","40","11.534301","1.4362561762E-06","cosine"
"round2_8epoch_cosine","lr1.5e-6","2","1","41","10.772793","1.4362561762E-06","cosine"
"round2_8epoch_cosine","lr1.5e-6","2","1","42","11.287563","1.4362561762E-06","cosine"
"round2_8epoch_cosine","lr1.5e-6","2","1","43","11.564251","1.4306815648E-06","cosine"
"round2_8epoch_cosine","lr1.5e-6","2","1","44","11.003153","1.4306815648E-06","cosine"
"round2_8epoch_cosine","lr1.5e-6","2","1","45","11.13703","1.4306815648E-06","cosine"
"round2_8epoch_cosine","lr1.5e-6","2","1","46","12.201449","1.4306815648E-06","cosine"
"round2_8epoch_cosine","lr1.5e-6","2","1","47","10.835235","1.4248850655E-06","cosine"
"round2_8epoch_cosine","lr1.5e-6","2","1","48","10.977553","1.4248850655E-06","cosine"
"round2_8epoch_cosine","lr1.5e-6","2","1","49","10.880137","1.4248850655E-06","cosine"
"round2_8epoch_cosine","lr1.5e-6","2","1","50","11.935422","1.4248850655E-06","cosine"
"round2_8epoch_cosine","lr1.5e-6","2","1","51","11.450764","1.4188685679E-06","cosine"
"round2_8epoch_cosine","lr1.5e-6","2","1","52","11.001468","1.4188685679E-06","cosine"
"round2_8epoch_cosine","lr1.5e-6","2","1","53","11.206303","1.4188685679E-06","cosine"
"round2_8epoch_cosine","lr1.5e-6","2","1","54","11.178707","1.4188685679E-06","cosine"
"round2_8epoch_cosine","lr1.5e-6","2","1","55","10.761169","1.4126340333E-06","cosine"
"round2_8epoch_cosine","lr1.5e-6","2","1","56","10.340263","1.4126340333E-06","cosine"
"round2_8epoch_cosine","lr1.5e-6","2","1","57","10.556628","1.4126340333E-06","cosine"
"round2_8epoch_cosine","lr1.5e-6","2","1","58","10.601913","1.4126340333E-06","cosine"
"round2_8epoch_cosine","lr1.5e-6","2","1","59","11.119663","1.4061834941E-06","cosine"
"round2_8epoch_cosine","lr1.5e-6","2","1","60","10.668222","1.4061834941E-06","cosine"
"round2_8epoch_cosine","lr1.5e-6","2","1","61","10.491031","1.4061834941E-06","cosine"
"round2_8epoch_cosine","lr1.5e-6","2","1","62","10.398825","1.4061834941E-06","cosine"
"round2_8epoch_cosine","lr1.5e-6","2","1","63","10.574848","1.3995190528E-06","cosine"
"round2_8epoch_cosine","lr1.5e-6","2","1","64","11.075147","1.3995190528E-06","cosine"
"round2_8epoch_cosine","lr1.5e-6","2","1","65","10.5257","1.3995190528E-06","cosine"
"round2_8epoch_cosine","lr1.5e-6","2","1","66","10.255514","1.3995190528E-06","cosine"
"round2_8epoch_cosine","lr1.5e-6","2","1","67","10.603468","1.3926428821E-06","cosine"
"round2_8epoch_cosine","lr1.5e-6","2","1","68","10.455225","1.3926428821E-06","cosine"
"round2_8epoch_cosine","lr1.5e-6","2","1","69","11.094396","1.3926428821E-06","cosine"
"round2_8epoch_cosine","lr1.5e-6","2","1","70","10.860559","1.3926428821E-06","cosine"
"round2_8epoch_cosine","lr1.5e-6","2","1","71","10.813416","1.3855572234E-06","cosine"
"round2_8epoch_cosine","lr1.5e-6","2","1","72","10.035748","1.3855572234E-06","cosine"
"round2_8epoch_cosine","lr1.5e-6","2","1","73","9.801333","1.3855572234E-06","cosine"
"round2_8epoch_cosine","lr1.5e-6","2","1","74","10.265513","1.3855572234E-06","cosine"
"round2_8epoch_cosine","lr1.5e-6","2","1","75","10.601265","1.3782643865E-06","cosine"
"round2_8epoch_cosine","lr1.5e-6","2","1","76","9.732319","1.3782643865E-06","cosine"
"round2_8epoch_cosine","lr1.5e-6","2","1","77","10.633968","1.3782643865E-06","cosine"
"round2_8epoch_cosine","lr1.5e-6","2","1","78","10.728898","1.3782643865E-06","cosine"
"round2_8epoch_cosine","lr1.5e-6","2","1","79","10.757954","1.3707667486E-06","cosine"
"round2_8epoch_cosine","lr1.5e-6","2","1","80","10.697385","1.3707667486E-06","cosine"
"round2_8epoch_cosine","lr1.5e-6","2","1","81","10.158607","1.3707667486E-06","cosine"
"round2_8epoch_cosine","lr1.5e-6","2","1","82","9.994211","1.3707667486E-06","cosine"
"round2_8epoch_cosine","lr1.5e-6","2","1","83","10.720646","1.3630667539E-06","cosine"
"round2_8epoch_cosine","lr1.5e-6","2","1","84","9.976007","1.3630667539E-06","cosine"
"round2_8epoch_cosine","lr1.5e-6","2","1","85","10.142546","1.3630667539E-06","cosine"
"round2_8epoch_cosine","lr1.5e-6","2","1","86","10.418365","1.3630667539E-06","cosine"
"round2_8epoch_cosine","lr1.5e-6","2","1","87","9.769094","1.3551669124E-06","cosine"
"round2_8epoch_cosine","lr1.5e-6","2","1","88","9.987362","1.3551669124E-06","cosine"
"round2_8epoch_cosine","lr1.5e-6","2","1","89","10.741042","1.3470697993E-06","cosine"
"round2_8epoch_cosine","lr1.5e-6","3","2","0","9.784784","1.3470697993E-06","cosine"
"round2_8epoch_cosine","lr1.5e-6","3","2","1","10.173439","1.3470697993E-06","cosine"
"round2_8epoch_cosine","lr1.5e-6","3","2","2","9.692818","1.3470697993E-06","cosine"
"round2_8epoch_cosine","lr1.5e-6","3","2","3","10.582739","1.338778054E-06","cosine"
"round2_8epoch_cosine","lr1.5e-6","3","2","4","9.799858","1.338778054E-06","cosine"
"round2_8epoch_cosine","lr1.5e-6","3","2","5","9.681751","1.338778054E-06","cosine"
"round2_8epoch_cosine","lr1.5e-6","3","2","6","10.492447","1.338778054E-06","cosine"
"round2_8epoch_cosine","lr1.5e-6","3","2","7","9.828621","1.3302943795E-06","cosine"
"round2_8epoch_cosine","lr1.5e-6","3","2","8","9.621206","1.3302943795E-06","cosine"
"round2_8epoch_cosine","lr1.5e-6","3","2","9","10.212732","1.3302943795E-06","cosine"
"round2_8epoch_cosine","lr1.5e-6","3","2","10","10.514094","1.3302943795E-06","cosine"
"round2_8epoch_cosine","lr1.5e-6","3","2","11","10.136406","1.3216215413E-06","cosine"
"round2_8epoch_cosine","lr1.5e-6","3","2","12","10.352644","1.3216215413E-06","cosine"
"round2_8epoch_cosine","lr1.5e-6","3","2","13","9.630695","1.3216215413E-06","cosine"
"round2_8epoch_cosine","lr1.5e-6","3","2","14","9.444981","1.3216215413E-06","cosine"
"round2_8epoch_cosine","lr1.5e-6","3","2","15","9.839149","1.3127623666E-06","cosine"
"round2_8epoch_cosine","lr1.5e-6","3","2","16","9.450994","1.3127623666E-06","cosine"
"round2_8epoch_cosine","lr1.5e-6","3","2","17","9.628809","1.3127623666E-06","cosine"
"round2_8epoch_cosine","lr1.5e-6","3","2","18","9.931944","1.3127623666E-06","cosine"
"round2_8epoch_cosine","lr1.5e-6","3","2","19","9.770357","1.3037197432E-06","cosine"
"round2_8epoch_cosine","lr1.5e-6","3","2","20","9.121456","1.3037197432E-06","cosine"
"round2_8epoch_cosine","lr1.5e-6","3","2","21","9.343745","1.3037197432E-06","cosine"
"round2_8epoch_cosine","lr1.5e-6","3","2","22","9.134913","1.3037197432E-06","cosine"
"round2_8epoch_cosine","lr1.5e-6","3","2","23","9.46497","1.2944966189E-06","cosine"
"round2_8epoch_cosine","lr1.5e-6","3","2","24","9.116011","1.2944966189E-06","cosine"
"round2_8epoch_cosine","lr1.5e-6","3","2","25","10.424768","1.2944966189E-06","cosine"
"round2_8epoch_cosine","lr1.5e-6","3","2","26","9.344633","1.2944966189E-06","cosine"
"round2_8epoch_cosine","lr1.5e-6","3","2","27","10.059128","1.2850960002E-06","cosine"
"round2_8epoch_cosine","lr1.5e-6","3","2","28","9.86696","1.2850960002E-06","cosine"
"round2_8epoch_cosine","lr1.5e-6","3","2","29","9.568043","1.2850960002E-06","cosine"
"round2_8epoch_cosine","lr1.5e-6","3","2","30","9.288367","1.2850960002E-06","cosine"
"round2_8epoch_cosine","lr1.5e-6","3","2","31","8.887304","1.2755209516E-06","cosine"
"round2_8epoch_cosine","lr1.5e-6","3","2","32","9.363087","1.2755209516E-06","cosine"
"round2_8epoch_cosine","lr1.5e-6","3","2","33","9.85782","1.2755209516E-06","cosine"
"round2_8epoch_cosine","lr1.5e-6","3","2","34","8.944472","1.2755209516E-06","cosine"
"round2_8epoch_cosine","lr1.5e-6","3","2","35","10.592102","1.2657745941E-06","cosine"
"round2_8epoch_cosine","lr1.5e-6","3","2","36","10.123404","1.2657745941E-06","cosine"
"round2_8epoch_cosine","lr1.5e-6","3","2","37","9.762756","1.2657745941E-06","cosine"
"round2_8epoch_cosine","lr1.5e-6","3","2","38","9.626225","1.2657745941E-06","cosine"
"round2_8epoch_cosine","lr1.5e-6","3","2","39","10.073828","1.2558601051E-06","cosine"
"round2_8epoch_cosine","lr1.5e-6","3","2","40","9.910835","1.2558601051E-06","cosine"
"round2_8epoch_cosine","lr1.5e-6","3","2","41","9.946944","1.2558601051E-06","cosine"
"round2_8epoch_cosine","lr1.5e-6","3","2","42","9.688109","1.2558601051E-06","cosine"
"round2_8epoch_cosine","lr1.5e-6","3","2","43","9.537624","1.2457807164E-06","cosine"
"round2_8epoch_cosine","lr1.5e-6","3","2","44","9.772362","1.2457807164E-06","cosine"
"round2_8epoch_cosine","lr1.5e-6","3","2","45","9.654268","1.2457807164E-06","cosine"
"round2_8epoch_cosine","lr1.5e-6","3","2","46","9.722085","1.2457807164E-06","cosine"
"round2_8epoch_cosine","lr1.5e-6","3","2","47","9.383786","1.2355397136E-06","cosine"
"round2_8epoch_cosine","lr1.5e-6","3","2","48","9.143689","1.2355397136E-06","cosine"
"round2_8epoch_cosine","lr1.5e-6","3","2","49","9.995401","1.2355397136E-06","cosine"
"round2_8epoch_cosine","lr1.5e-6","3","2","50","9.587108","1.2355397136E-06","cosine"
"round2_8epoch_cosine","lr1.5e-6","3","2","51","10.076862","1.2251404351E-06","cosine"
"round2_8epoch_cosine","lr1.5e-6","3","2","52","9.640917","1.2251404351E-06","cosine"
"round2_8epoch_cosine","lr1.5e-6","3","2","53","9.511909","1.2251404351E-06","cosine"
"round2_8epoch_cosine","lr1.5e-6","3","2","54","9.623242","1.2251404351E-06","cosine"
"round2_8epoch_cosine","lr1.5e-6","3","2","55","9.460184","1.2145862709E-06","cosine"
"round2_8epoch_cosine","lr1.5e-6","3","2","56","9.632282","1.2145862709E-06","cosine"
"round2_8epoch_cosine","lr1.5e-6","3","2","57","9.185892","1.2145862709E-06","cosine"
"round2_8epoch_cosine","lr1.5e-6","3","2","58","9.579358","1.2145862709E-06","cosine"
"round2_8epoch_cosine","lr1.5e-6","3","2","59","9.839367","1.2038806614E-06","cosine"
"round2_8epoch_cosine","lr1.5e-6","3","2","60","9.330952","1.2038806614E-06","cosine"
"round2_8epoch_cosine","lr1.5e-6","3","2","61","9.824839","1.2038806614E-06","cosine"
"round2_8epoch_cosine","lr1.5e-6","3","2","62","9.581236","1.2038806614E-06","cosine"
"round2_8epoch_cosine","lr1.5e-6","3","2","63","9.165659","1.1930270964E-06","cosine"
"round2_8epoch_cosine","lr1.5e-6","3","2","64","9.453264","1.1930270964E-06","cosine"
"round2_8epoch_cosine","lr1.5e-6","3","2","65","8.899827","1.1930270964E-06","cosine"
"round2_8epoch_cosine","lr1.5e-6","3","2","66","9.580951","1.1930270964E-06","cosine"
"round2_8epoch_cosine","lr1.5e-6","3","2","67","9.905169","1.1820291139E-06","cosine"
"round2_8epoch_cosine","lr1.5e-6","3","2","68","9.5376","1.1820291139E-06","cosine"
"round2_8epoch_cosine","lr1.5e-6","3","2","69","9.337724","1.1820291139E-06","cosine"
"round2_8epoch_cosine","lr1.5e-6","3","2","70","8.979752","1.1820291139E-06","cosine"
"round2_8epoch_cosine","lr1.5e-6","3","2","71","9.144941","1.170890299E-06","cosine"
"round2_8epoch_cosine","lr1.5e-6","3","2","72","9.508568","1.170890299E-06","cosine"
"round2_8epoch_cosine","lr1.5e-6","3","2","73","9.616751","1.170890299E-06","cosine"
"round2_8epoch_cosine","lr1.5e-6","3","2","74","9.622274","1.170890299E-06","cosine"
"round2_8epoch_cosine","lr1.5e-6","3","2","75","9.727253","1.1596142828E-06","cosine"
"round2_8epoch_cosine","lr1.5e-6","3","2","76","9.118154","1.1596142828E-06","cosine"
"round2_8epoch_cosine","lr1.5e-6","3","2","77","9.084855","1.1596142828E-06","cosine"
"round2_8epoch_cosine","lr1.5e-6","3","2","78","8.519012","1.1596142828E-06","cosine"
"round2_8epoch_cosine","lr1.5e-6","3","2","79","8.722777","1.148204741E-06","cosine"
"round2_8epoch_cosine","lr1.5e-6","3","2","80","8.627041","1.148204741E-06","cosine"
"round2_8epoch_cosine","lr1.5e-6","3","2","81","8.900268","1.148204741E-06","cosine"
"round2_8epoch_cosine","lr1.5e-6","3","2","82","9.240674","1.148204741E-06","cosine"
"round2_8epoch_cosine","lr1.5e-6","3","2","83","9.294365","1.1366653929E-06","cosine"
"round2_8epoch_cosine","lr1.5e-6","3","2","84","9.436477","1.1366653929E-06","cosine"
"round2_8epoch_cosine","lr1.5e-6","3","2","85","9.34396","1.1366653929E-06","cosine"
"round2_8epoch_cosine","lr1.5e-6","3","2","86","9.550154","1.1366653929E-06","cosine"
"round2_8epoch_cosine","lr1.5e-6","3","2","87","9.355054","1.125E-06","cosine"
"round2_8epoch_cosine","lr1.5e-6","3","2","88","8.878871","1.125E-06","cosine"
"round2_8epoch_cosine","lr1.5e-6","3","2","89","8.926394","1.113212365E-06","cosine"
"round2_8epoch_cosine","lr1.5e-6","4","3","0","8.76721","1.113212365E-06","cosine"
"round2_8epoch_cosine","lr1.5e-6","4","3","1","9.169285","1.113212365E-06","cosine"
"round2_8epoch_cosine","lr1.5e-6","4","3","2","8.89325","1.113212365E-06","cosine"
"round2_8epoch_cosine","lr1.5e-6","4","3","3","8.566568","1.1013063305E-06","cosine"
"round2_8epoch_cosine","lr1.5e-6","4","3","4","9.201722","1.1013063305E-06","cosine"
"round2_8epoch_cosine","lr1.5e-6","4","3","5","9.155451","1.1013063305E-06","cosine"
"round2_8epoch_cosine","lr1.5e-6","4","3","6","9.089866","1.1013063305E-06","cosine"
"round2_8epoch_cosine","lr1.5e-6","4","3","7","8.790112","1.0892857776E-06","cosine"
"round2_8epoch_cosine","lr1.5e-6","4","3","8","9.108008","1.0892857776E-06","cosine"
"round2_8epoch_cosine","lr1.5e-6","4","3","9","9.661273","1.0892857776E-06","cosine"
"round2_8epoch_cosine","lr1.5e-6","4","3","10","9.123789","1.0892857776E-06","cosine"
"round2_8epoch_cosine","lr1.5e-6","4","3","11","9.013572","1.0771546246E-06","cosine"
"round2_8epoch_cosine","lr1.5e-6","4","3","12","9.152806","1.0771546246E-06","cosine"
"round2_8epoch_cosine","lr1.5e-6","4","3","13","8.651104","1.0771546246E-06","cosine"
"round2_8epoch_cosine","lr1.5e-6","4","3","14","9.458811","1.0771546246E-06","cosine"
"round2_8epoch_cosine","lr1.5e-6","4","3","15","8.663235","1.0649168262E-06","cosine"
"round2_8epoch_cosine","lr1.5e-6","4","3","16","8.747095","1.0649168262E-06","cosine"
"round2_8epoch_cosine","lr1.5e-6","4","3","17","8.825254","1.0649168262E-06","cosine"
"round2_8epoch_cosine","lr1.5e-6","4","3","18","8.608921","1.0649168262E-06","cosine"
"round2_8epoch_cosine","lr1.5e-6","4","3","19","8.772778","1.0525763715E-06","cosine"
"round2_8epoch_cosine","lr1.5e-6","4","3","20","8.924492","1.0525763715E-06","cosine"
"round2_8epoch_cosine","lr1.5e-6","4","3","21","9.284222","1.0525763715E-06","cosine"
"round2_8epoch_cosine","lr1.5e-6","4","3","22","9.260051","1.0525763715E-06","cosine"
"round2_8epoch_cosine","lr1.5e-6","4","3","23","9.213548","1.0401372833E-06","cosine"
"round2_8epoch_cosine","lr1.5e-6","4","3","24","9.075793","1.0401372833E-06","cosine"
"round2_8epoch_cosine","lr1.5e-6","4","3","25","9.431625","1.0401372833E-06","cosine"
"round2_8epoch_cosine","lr1.5e-6","4","3","26","8.239716","1.0401372833E-06","cosine"
"round2_8epoch_cosine","lr1.5e-6","4","3","27","9.251424","1.0276036165E-06","cosine"
"round2_8epoch_cosine","lr1.5e-6","4","3","28","8.759014","1.0276036165E-06","cosine"
"round2_8epoch_cosine","lr1.5e-6","4","3","29","9.640817","1.0276036165E-06","cosine"
"round2_8epoch_cosine","lr1.5e-6","4","3","30","9.12145","1.0276036165E-06","cosine"
"round2_8epoch_cosine","lr1.5e-6","4","3","31","8.837502","1.0149794568E-06","cosine"
"round2_8epoch_cosine","lr1.5e-6","4","3","32","9.114662","1.0149794568E-06","cosine"
"round2_8epoch_cosine","lr1.5e-6","4","3","33","8.899181","1.0149794568E-06","cosine"
"round2_8epoch_cosine","lr1.5e-6","4","3","34","9.077516","1.0149794568E-06","cosine"
"round2_8epoch_cosine","lr1.5e-6","4","3","35","8.766108","1.0022689194E-06","cosine"
"round2_8epoch_cosine","lr1.5e-6","4","3","36","8.811909","1.0022689194E-06","cosine"
"round2_8epoch_cosine","lr1.5e-6","4","3","37","8.082888","1.0022689194E-06","cosine"
"round2_8epoch_cosine","lr1.5e-6","4","3","38","8.974524","1.0022689194E-06","cosine"
"round2_8epoch_cosine","lr1.5e-6","4","3","39","9.067039","9.894761476E-07","cosine"
"round2_8epoch_cosine","lr1.5e-6","4","3","40","8.674244","9.894761476E-07","cosine"
"round2_8epoch_cosine","lr1.5e-6","4","3","41","9.128149","9.894761476E-07","cosine"
"round2_8epoch_cosine","lr1.5e-6","4","3","42","9.192332","9.894761476E-07","cosine"
"round2_8epoch_cosine","lr1.5e-6","4","3","43","9.359016","9.7660531168E-07","cosine"
"round2_8epoch_cosine","lr1.5e-6","4","3","44","8.646608","9.7660531168E-07","cosine"
"round2_8epoch_cosine","lr1.5e-6","4","3","45","9.048294","9.7660531168E-07","cosine"
"round2_8epoch_cosine","lr1.5e-6","4","3","46","8.885784","9.7660531168E-07","cosine"
"round2_8epoch_cosine","lr1.5e-6","4","3","47","8.804333","9.6366060721E-07","cosine"
"round2_8epoch_cosine","lr1.5e-6","4","3","48","9.209806","9.6366060721E-07","cosine"
"round2_8epoch_cosine","lr1.5e-6","4","3","49","9.102789","9.6366060721E-07","cosine"
"round2_8epoch_cosine","lr1.5e-6","4","3","50","9.1639","9.6366060721E-07","cosine"
"round2_8epoch_cosine","lr1.5e-6","4","3","51","9.505924","9.506462539E-07","cosine"
"round2_8epoch_cosine","lr1.5e-6","4","3","52","8.987937","9.506462539E-07","cosine"
"round2_8epoch_cosine","lr1.5e-6","4","3","53","8.467575","9.506462539E-07","cosine"
"round2_8epoch_cosine","lr1.5e-6","4","3","54","9.259933","9.506462539E-07","cosine"
"round2_8epoch_cosine","lr1.5e-6","4","3","55","8.670999","9.3756649415E-07","cosine"
"round2_8epoch_cosine","lr1.5e-6","4","3","56","8.652805","9.3756649415E-07","cosine"
"round2_8epoch_cosine","lr1.5e-6","4","3","57","8.630386","9.3756649415E-07","cosine"
"round2_8epoch_cosine","lr1.5e-6","4","3","58","9.1125","9.3756649415E-07","cosine"
"round2_8epoch_cosine","lr1.5e-6","4","3","59","9.104018","9.2442559168E-07","cosine"
"round2_8epoch_cosine","lr1.5e-6","4","3","60","9.160148","9.2442559168E-07","cosine"
"round2_8epoch_cosine","lr1.5e-6","4","3","61","8.432604","9.2442559168E-07","cosine"
"round2_8epoch_cosine","lr1.5e-6","4","3","62","8.126801","9.2442559168E-07","cosine"
"round2_8epoch_cosine","lr1.5e-6","4","3","63","9.092505","9.1122783016E-07","cosine"
"round2_8epoch_cosine","lr1.5e-6","4","3","64","8.925326","9.1122783016E-07","cosine"
"round2_8epoch_cosine","lr1.5e-6","4","3","65","8.947917","9.1122783016E-07","cosine"
"round2_8epoch_cosine","lr1.5e-6","4","3","66","8.639269","9.1122783016E-07","cosine"
"round2_8epoch_cosine","lr1.5e-6","4","3","67","8.813568","8.9797751177E-07","cosine"
"round2_8epoch_cosine","lr1.5e-6","4","3","68","8.720652","8.9797751177E-07","cosine"
"round2_8epoch_cosine","lr1.5e-6","4","3","69","9.121336","8.9797751177E-07","cosine"
"round2_8epoch_cosine","lr1.5e-6","4","3","70","9.415338","8.9797751177E-07","cosine"
"round2_8epoch_cosine","lr1.5e-6","4","3","71","8.928078","8.8467895584E-07","cosine"
"round2_8epoch_cosine","lr1.5e-6","4","3","72","8.5988","8.8467895584E-07","cosine"
"round2_8epoch_cosine","lr1.5e-6","4","3","73","8.876099","8.8467895584E-07","cosine"
"round2_8epoch_cosine","lr1.5e-6","4","3","74","9.016092","8.8467895584E-07","cosine"
"round2_8epoch_cosine","lr1.5e-6","4","3","75","8.954975","8.7133649741E-07","cosine"
"round2_8epoch_cosine","lr1.5e-6","4","3","76","8.471315","8.7133649741E-07","cosine"
"round2_8epoch_cosine","lr1.5e-6","4","3","77","8.734172","8.7133649741E-07","cosine"
"round2_8epoch_cosine","lr1.5e-6","4","3","78","9.158621","8.7133649741E-07","cosine"
"round2_8epoch_cosine","lr1.5e-6","4","3","79","8.671203","8.5795448586E-07","cosine"
"round2_8epoch_cosine","lr1.5e-6","4","3","80","8.597441","8.5795448586E-07","cosine"
"round2_8epoch_cosine","lr1.5e-6","4","3","81","9.11643","8.5795448586E-07","cosine"
"round2_8epoch_cosine","lr1.5e-6","4","3","82","9.024697","8.5795448586E-07","cosine"
"round2_8epoch_cosine","lr1.5e-6","4","3","83","8.389997","8.4453728342E-07","cosine"
"round2_8epoch_cosine","lr1.5e-6","4","3","84","8.250053","8.4453728342E-07","cosine"
"round2_8epoch_cosine","lr1.5e-6","4","3","85","8.76403","8.4453728342E-07","cosine"
"round2_8epoch_cosine","lr1.5e-6","4","3","86","8.743062","8.4453728342E-07","cosine"
"round2_8epoch_cosine","lr1.5e-6","4","3","87","8.684166","8.3108926382E-07","cosine"
"round2_8epoch_cosine","lr1.5e-6","4","3","88","9.002714","8.3108926382E-07","cosine"
"round2_8epoch_cosine","lr1.5e-6","4","3","89","9.098534","8.1761481083E-07","cosine"
"round2_8epoch_cosine","lr1.5e-6","5","4","0","8.646908","8.1761481083E-07","cosine"
"round2_8epoch_cosine","lr1.5e-6","5","4","1","8.485403","8.1761481083E-07","cosine"
"round2_8epoch_cosine","lr1.5e-6","5","4","2","8.677419","8.1761481083E-07","cosine"
"round2_8epoch_cosine","lr1.5e-6","5","4","3","8.351056","8.0411831685E-07","cosine"
"round2_8epoch_cosine","lr1.5e-6","5","4","4","8.94329","8.0411831685E-07","cosine"
"round2_8epoch_cosine","lr1.5e-6","5","4","5","8.296758","8.0411831685E-07","cosine"
"round2_8epoch_cosine","lr1.5e-6","5","4","6","8.302096","8.0411831685E-07","cosine"
"round2_8epoch_cosine","lr1.5e-6","5","4","7","9.027563","7.9060418144E-07","cosine"
"round2_8epoch_cosine","lr1.5e-6","5","4","8","8.053919","7.9060418144E-07","cosine"
"round2_8epoch_cosine","lr1.5e-6","5","4","9","8.249666","7.9060418144E-07","cosine"
"round2_8epoch_cosine","lr1.5e-6","5","4","10","8.904176","7.9060418144E-07","cosine"
"round2_8epoch_cosine","lr1.5e-6","5","4","11","9.281629","7.7707680992E-07","cosine"
"round2_8epoch_cosine","lr1.5e-6","5","4","12","8.794387","7.7707680992E-07","cosine"
"round2_8epoch_cosine","lr1.5e-6","5","4","13","9.339203","7.7707680992E-07","cosine"
"round2_8epoch_cosine","lr1.5e-6","5","4","14","8.733773","7.7707680992E-07","cosine"
"round2_8epoch_cosine","lr1.5e-6","5","4","15","8.770418","7.6354061194E-07","cosine"
"round2_8epoch_cosine","lr1.5e-6","5","4","16","8.435187","7.6354061194E-07","cosine"
"round2_8epoch_cosine","lr1.5e-6","5","4","17","8.115012","7.6354061194E-07","cosine"
"round2_8epoch_cosine","lr1.5e-6","5","4","18","8.910182","7.6354061194E-07","cosine"
"round2_8epoch_cosine","lr1.5e-6","5","4","19","8.691446","7.5E-07","cosine"
"round2_8epoch_cosine","lr1.5e-6","5","4","20","8.808243","7.5E-07","cosine"
"round2_8epoch_cosine","lr1.5e-6","5","4","21","8.843783","7.5E-07","cosine"
"round2_8epoch_cosine","lr1.5e-6","5","4","22","8.38397","7.5E-07","cosine"
"round2_8epoch_cosine","lr1.5e-6","5","4","23","8.598534","7.3645938806E-07","cosine"
"round2_8epoch_cosine","lr1.5e-6","5","4","24","8.758551","7.3645938806E-07","cosine"
"round2_8epoch_cosine","lr1.5e-6","5","4","25","8.856163","7.3645938806E-07","cosine"
"round2_8epoch_cosine","lr1.5e-6","5","4","26","8.728914","7.3645938806E-07","cosine"
"round2_8epoch_cosine","lr1.5e-6","5","4","27","8.987064","7.2292319008E-07","cosine"
"round2_8epoch_cosine","lr1.5e-6","5","4","28","8.569364","7.2292319008E-07","cosine"
"round2_8epoch_cosine","lr1.5e-6","5","4","29","8.849408","7.2292319008E-07","cosine"
"round2_8epoch_cosine","lr1.5e-6","5","4","30","8.607609","7.2292319008E-07","cosine"
"round2_8epoch_cosine","lr1.5e-6","5","4","31","8.236233","7.0939581856E-07","cosine"
"round2_8epoch_cosine","lr1.5e-6","5","4","32","8.845268","7.0939581856E-07","cosine"
"round2_8epoch_cosine","lr1.5e-6","5","4","33","8.26455","7.0939581856E-07","cosine"
"round2_8epoch_cosine","lr1.5e-6","5","4","34","9.279275","7.0939581856E-07","cosine"
"round2_8epoch_cosine","lr1.5e-6","5","4","35","9.126152","6.9588168315E-07","cosine"
"round2_8epoch_cosine","lr1.5e-6","5","4","36","8.684388","6.9588168315E-07","cosine"
"round2_8epoch_cosine","lr1.5e-6","5","4","37","8.607909","6.9588168315E-07","cosine"
"round2_8epoch_cosine","lr1.5e-6","5","4","38","8.142757","6.9588168315E-07","cosine"
"round2_8epoch_cosine","lr1.5e-6","5","4","39","8.265501","6.8238518917E-07","cosine"
"round2_8epoch_cosine","lr1.5e-6","5","4","40","8.937499","6.8238518917E-07","cosine"
"round2_8epoch_cosine","lr1.5e-6","5","4","41","8.557491","6.8238518917E-07","cosine"
"round2_8epoch_cosine","lr1.5e-6","5","4","42","8.327907","6.8238518917E-07","cosine"
"round2_8epoch_cosine","lr1.5e-6","5","4","43","8.807018","6.6891073618E-07","cosine"
"round2_8epoch_cosine","lr1.5e-6","5","4","44","8.689434","6.6891073618E-07","cosine"
"round2_8epoch_cosine","lr1.5e-6","5","4","45","8.778084","6.6891073618E-07","cosine"
"round2_8epoch_cosine","lr1.5e-6","5","4","46","8.51671","6.6891073618E-07","cosine"
"round2_8epoch_cosine","lr1.5e-6","5","4","47","8.459889","6.5546271658E-07","cosine"
"round2_8epoch_cosine","lr1.5e-6","5","4","48","8.954754","6.5546271658E-07","cosine"
"round2_8epoch_cosine","lr1.5e-6","5","4","49","8.164351","6.5546271658E-07","cosine"
"round2_8epoch_cosine","lr1.5e-6","5","4","50","8.829294","6.5546271658E-07","cosine"
"round2_8epoch_cosine","lr1.5e-6","5","4","51","8.708467","6.4204551414E-07","cosine"
"round2_8epoch_cosine","lr1.5e-6","5","4","52","8.910437","6.4204551414E-07","cosine"
"round2_8epoch_cosine","lr1.5e-6","5","4","53","8.51935","6.4204551414E-07","cosine"
"round2_8epoch_cosine","lr1.5e-6","5","4","54","9.059399","6.4204551414E-07","cosine"
"round2_8epoch_cosine","lr1.5e-6","5","4","55","8.919657","6.2866350259E-07","cosine"
"round2_8epoch_cosine","lr1.5e-6","5","4","56","8.789604","6.2866350259E-07","cosine"
"round2_8epoch_cosine","lr1.5e-6","5","4","57","9.034659","6.2866350259E-07","cosine"
"round2_8epoch_cosine","lr1.5e-6","5","4","58","8.653077","6.2866350259E-07","cosine"
"round2_8epoch_cosine","lr1.5e-6","5","4","59","9.207196","6.1532104416E-07","cosine"
"round2_8epoch_cosine","lr1.5e-6","5","4","60","8.960045","6.1532104416E-07","cosine"
"round2_8epoch_cosine","lr1.5e-6","5","4","61","8.338727","6.1532104416E-07","cosine"
"round2_8epoch_cosine","lr1.5e-6","5","4","62","8.903395","6.1532104416E-07","cosine"
"round2_8epoch_cosine","lr1.5e-6","5","4","63","8.87187","6.0202248823E-07","cosine"
"round2_8epoch_cosine","lr1.5e-6","5","4","64","8.589059","6.0202248823E-07","cosine"
"round2_8epoch_cosine","lr1.5e-6","5","4","65","8.405262","6.0202248823E-07","cosine"
"round2_8epoch_cosine","lr1.5e-6","5","4","66","8.577128","6.0202248823E-07","cosine"
"round2_8epoch_cosine","lr1.5e-6","5","4","67","8.459812","5.8877216984E-07","cosine"
"round2_8epoch_cosine","lr1.5e-6","5","4","68","8.254568","5.8877216984E-07","cosine"
"round2_8epoch_cosine","lr1.5e-6","5","4","69","8.55205","5.8877216984E-07","cosine"
"round2_8epoch_cosine","lr1.5e-6","5","4","70","9.087798","5.8877216984E-07","cosine"
"round2_8epoch_cosine","lr1.5e-6","5","4","71","8.73499","5.7557440832E-07","cosine"
"round2_8epoch_cosine","lr1.5e-6","5","4","72","8.229374","5.7557440832E-07","cosine"
"round2_8epoch_cosine","lr1.5e-6","5","4","73","8.512623","5.7557440832E-07","cosine"
"round2_8epoch_cosine","lr1.5e-6","5","4","74","8.767345","5.7557440832E-07","cosine"
"round2_8epoch_cosine","lr1.5e-6","5","4","75","8.504842","5.6243350585E-07","cosine"
"round2_8epoch_cosine","lr1.5e-6","5","4","76","7.804097","5.6243350585E-07","cosine"
"round2_8epoch_cosine","lr1.5e-6","5","4","77","8.811695","5.6243350585E-07","cosine"
"round2_8epoch_cosine","lr1.5e-6","5","4","78","9.013109","5.6243350585E-07","cosine"
"round2_8epoch_cosine","lr1.5e-6","5","4","79","7.643229","5.493537461E-07","cosine"
"round2_8epoch_cosine","lr1.5e-6","5","4","80","8.42856","5.493537461E-07","cosine"
"round2_8epoch_cosine","lr1.5e-6","5","4","81","8.093384","5.493537461E-07","cosine"
"round2_8epoch_cosine","lr1.5e-6","5","4","82","8.387648","5.493537461E-07","cosine"
"round2_8epoch_cosine","lr1.5e-6","5","4","83","8.544204","5.3633939279E-07","cosine"
"round2_8epoch_cosine","lr1.5e-6","5","4","84","8.761084","5.3633939279E-07","cosine"
"round2_8epoch_cosine","lr1.5e-6","5","4","85","8.976523","5.3633939279E-07","cosine"
"round2_8epoch_cosine","lr1.5e-6","5","4","86","8.495045","5.3633939279E-07","cosine"
"round2_8epoch_cosine","lr1.5e-6","5","4","87","8.519279","5.2339468832E-07","cosine"
"round2_8epoch_cosine","lr1.5e-6","5","4","88","8.617109","5.2339468832E-07","cosine"
"round2_8epoch_cosine","lr1.5e-6","5","4","89","8.914177","5.105238524E-07","cosine"
"round2_8epoch_cosine","lr1.5e-6","6","5","0","8.661512","5.105238524E-07","cosine"
"round2_8epoch_cosine","lr1.5e-6","6","5","1","8.762524","5.105238524E-07","cosine"
"round2_8epoch_cosine","lr1.5e-6","6","5","2","8.738775","5.105238524E-07","cosine"
"round2_8epoch_cosine","lr1.5e-6","6","5","3","8.682405","4.9773108064E-07","cosine"
"round2_8epoch_cosine","lr1.5e-6","6","5","4","8.588551","4.9773108064E-07","cosine"
"round2_8epoch_cosine","lr1.5e-6","6","5","5","8.66114","4.9773108064E-07","cosine"
"round2_8epoch_cosine","lr1.5e-6","6","5","6","8.612257","4.9773108064E-07","cosine"
"round2_8epoch_cosine","lr1.5e-6","6","5","7","8.785061","4.8502054321E-07","cosine"
"round2_8epoch_cosine","lr1.5e-6","6","5","8","8.923809","4.8502054321E-07","cosine"
"round2_8epoch_cosine","lr1.5e-6","6","5","9","9.118254","4.8502054321E-07","cosine"
"round2_8epoch_cosine","lr1.5e-6","6","5","10","8.67433","4.8502054321E-07","cosine"
"round2_8epoch_cosine","lr1.5e-6","6","5","11","8.345525","4.723963835E-07","cosine"
"round2_8epoch_cosine","lr1.5e-6","6","5","12","8.356422","4.723963835E-07","cosine"
"round2_8epoch_cosine","lr1.5e-6","6","5","13","8.808243","4.723963835E-07","cosine"
"round2_8epoch_cosine","lr1.5e-6","6","5","14","8.726477","4.723963835E-07","cosine"
"round2_8epoch_cosine","lr1.5e-6","6","5","15","8.53919","4.5986271669E-07","cosine"
"round2_8epoch_cosine","lr1.5e-6","6","5","16","8.792951","4.5986271669E-07","cosine"
"round2_8epoch_cosine","lr1.5e-6","6","5","17","8.453535","4.5986271669E-07","cosine"
"round2_8epoch_cosine","lr1.5e-6","6","5","18","8.109694","4.5986271669E-07","cosine"
"round2_8epoch_cosine","lr1.5e-6","6","5","19","7.761002","4.4742362851E-07","cosine"
"round2_8epoch_cosine","lr1.5e-6","6","5","20","8.969267","4.4742362851E-07","cosine"
"round2_8epoch_cosine","lr1.5e-6","6","5","21","8.684475","4.4742362851E-07","cosine"
"round2_8epoch_cosine","lr1.5e-6","6","5","22","8.227089","4.4742362851E-07","cosine"
"round2_8epoch_cosine","lr1.5e-6","6","5","23","8.471451","4.3508317383E-07","cosine"
"round2_8epoch_cosine","lr1.5e-6","6","5","24","8.934882","4.3508317383E-07","cosine"
"round2_8epoch_cosine","lr1.5e-6","6","5","25","8.21903","4.3508317383E-07","cosine"
"round2_8epoch_cosine","lr1.5e-6","6","5","26","8.26749","4.3508317383E-07","cosine"
"round2_8epoch_cosine","lr1.5e-6","6","5","27","8.47551","4.2284537538E-07","cosine"
"round2_8epoch_cosine","lr1.5e-6","6","5","28","9.006211","4.2284537538E-07","cosine"
"round2_8epoch_cosine","lr1.5e-6","6","5","29","8.617903","4.2284537538E-07","cosine"
"round2_8epoch_cosine","lr1.5e-6","6","5","30","8.396004","4.2284537538E-07","cosine"
"round2_8epoch_cosine","lr1.5e-6","6","5","31","8.515749","4.1071422243E-07","cosine"
"round2_8epoch_cosine","lr1.5e-6","6","5","32","8.285272","4.1071422243E-07","cosine"
"round2_8epoch_cosine","lr1.5e-6","6","5","33","8.720338","4.1071422243E-07","cosine"
"round2_8epoch_cosine","lr1.5e-6","6","5","34","8.891277","4.1071422243E-07","cosine"
"round2_8epoch_cosine","lr1.5e-6","6","5","35","8.252333","3.9869366948E-07","cosine"
"round2_8epoch_cosine","lr1.5e-6","6","5","36","8.415852","3.9869366948E-07","cosine"
"round2_8epoch_cosine","lr1.5e-6","6","5","37","8.915621","3.9869366948E-07","cosine"
"round2_8epoch_cosine","lr1.5e-6","6","5","38","8.63073","3.9869366948E-07","cosine"
"round2_8epoch_cosine","lr1.5e-6","6","5","39","8.07922","3.8678763496E-07","cosine"
"round2_8epoch_cosine","lr1.5e-6","6","5","40","8.951722","3.8678763496E-07","cosine"
"round2_8epoch_cosine","lr1.5e-6","6","5","41","8.360868","3.8678763496E-07","cosine"
"round2_8epoch_cosine","lr1.5e-6","6","5","42","8.647308","3.8678763496E-07","cosine"
"round2_8epoch_cosine","lr1.5e-6","6","5","43","8.611696","3.75E-07","cosine"
"round2_8epoch_cosine","lr1.5e-6","6","5","44","8.745428","3.75E-07","cosine"
"round2_8epoch_cosine","lr1.5e-6","6","5","45","8.731339","3.75E-07","cosine"
"round2_8epoch_cosine","lr1.5e-6","6","5","46","8.501045","3.75E-07","cosine"
"round2_8epoch_cosine","lr1.5e-6","6","5","47","8.841557","3.6333460712E-07","cosine"
"round2_8epoch_cosine","lr1.5e-6","6","5","48","8.024719","3.6333460712E-07","cosine"
"round2_8epoch_cosine","lr1.5e-6","6","5","49","8.519087","3.6333460712E-07","cosine"
"round2_8epoch_cosine","lr1.5e-6","6","5","50","8.69577","3.6333460712E-07","cosine"
"round2_8epoch_cosine","lr1.5e-6","6","5","51","8.19591","3.5179525898E-07","cosine"
"round2_8epoch_cosine","lr1.5e-6","6","5","52","8.267876","3.5179525898E-07","cosine"
"round2_8epoch_cosine","lr1.5e-6","6","5","53","9.143838","3.5179525898E-07","cosine"
"round2_8epoch_cosine","lr1.5e-6","6","5","54","8.789604","3.5179525898E-07","cosine"
"round2_8epoch_cosine","lr1.5e-6","6","5","55","7.922331","3.4038571718E-07","cosine"
"round2_8epoch_cosine","lr1.5e-6","6","5","56","8.432614","3.4038571718E-07","cosine"
"round2_8epoch_cosine","lr1.5e-6","6","5","57","8.518044","3.4038571718E-07","cosine"
"round2_8epoch_cosine","lr1.5e-6","6","5","58","8.693478","3.4038571718E-07","cosine"
"round2_8epoch_cosine","lr1.5e-6","6","5","59","8.602766","3.2910970098E-07","cosine"
"round2_8epoch_cosine","lr1.5e-6","6","5","60","8.596301","3.2910970098E-07","cosine"
"round2_8epoch_cosine","lr1.5e-6","6","5","61","8.298908","3.2910970098E-07","cosine"
"round2_8epoch_cosine","lr1.5e-6","6","5","62","8.342102","3.2910970098E-07","cosine"
"round2_8epoch_cosine","lr1.5e-6","6","5","63","8.836279","3.1797088612E-07","cosine"
"round2_8epoch_cosine","lr1.5e-6","6","5","64","8.232084","3.1797088612E-07","cosine"
"round2_8epoch_cosine","lr1.5e-6","6","5","65","7.933343","3.1797088612E-07","cosine"
"round2_8epoch_cosine","lr1.5e-6","6","5","66","8.095554","3.1797088612E-07","cosine"
"round2_8epoch_cosine","lr1.5e-6","6","5","67","8.971343","3.0697290363E-07","cosine"
"round2_8epoch_cosine","lr1.5e-6","6","5","68","8.290612","3.0697290363E-07","cosine"
"round2_8epoch_cosine","lr1.5e-6","6","5","69","8.308046","3.0697290363E-07","cosine"
"round2_8epoch_cosine","lr1.5e-6","6","5","70","8.346534","3.0697290363E-07","cosine"
"round2_8epoch_cosine","lr1.5e-6","6","5","71","8.66568","2.961193386E-07","cosine"
"round2_8epoch_cosine","lr1.5e-6","6","5","72","8.732471","2.961193386E-07","cosine"
"round2_8epoch_cosine","lr1.5e-6","6","5","73","8.887009","2.961193386E-07","cosine"
"round2_8epoch_cosine","lr1.5e-6","6","5","74","8.743908","2.961193386E-07","cosine"
"round2_8epoch_cosine","lr1.5e-6","6","5","75","9.018849","2.8541372909E-07","cosine"
"round2_8epoch_cosine","lr1.5e-6","6","5","76","8.553272","2.8541372909E-07","cosine"
"round2_8epoch_cosine","lr1.5e-6","6","5","77","9.003984","2.8541372909E-07","cosine"
"round2_8epoch_cosine","lr1.5e-6","6","5","78","8.902103","2.8541372909E-07","cosine"
"round2_8epoch_cosine","lr1.5e-6","6","5","79","8.745197","2.7485956488E-07","cosine"
"round2_8epoch_cosine","lr1.5e-6","6","5","80","8.62531","2.7485956488E-07","cosine"
"round2_8epoch_cosine","lr1.5e-6","6","5","81","8.708197","2.7485956488E-07","cosine"
"round2_8epoch_cosine","lr1.5e-6","6","5","82","8.630608","2.7485956488E-07","cosine"
"round2_8epoch_cosine","lr1.5e-6","6","5","83","7.983984","2.6446028641E-07","cosine"
"round2_8epoch_cosine","lr1.5e-6","6","5","84","8.5481","2.6446028641E-07","cosine"
"round2_8epoch_cosine","lr1.5e-6","6","5","85","8.610752","2.6446028641E-07","cosine"
"round2_8epoch_cosine","lr1.5e-6","6","5","86","8.727546","2.6446028641E-07","cosine"
"round2_8epoch_cosine","lr1.5e-6","6","5","87","8.337125","2.5421928364E-07","cosine"
"round2_8epoch_cosine","lr1.5e-6","6","5","88","8.379196","2.5421928364E-07","cosine"
"round2_8epoch_cosine","lr1.5e-6","6","5","89","8.003982","2.4413989489E-07","cosine"
"round2_8epoch_cosine","lr1.5e-6","7","6","0","8.687771","2.4413989489E-07","cosine"
"round2_8epoch_cosine","lr1.5e-6","7","6","1","9.152962","2.4413989489E-07","cosine"
"round2_8epoch_cosine","lr1.5e-6","7","6","2","8.607719","2.4413989489E-07","cosine"
"round2_8epoch_cosine","lr1.5e-6","7","6","3","8.072446","2.3422540586E-07","cosine"
"round2_8epoch_cosine","lr1.5e-6","7","6","4","8.468321","2.3422540586E-07","cosine"
"round2_8epoch_cosine","lr1.5e-6","7","6","5","9.076868","2.3422540586E-07","cosine"
"round2_8epoch_cosine","lr1.5e-6","7","6","6","8.592909","2.3422540586E-07","cosine"
"round2_8epoch_cosine","lr1.5e-6","7","6","7","8.729649","2.2447904844E-07","cosine"
"round2_8epoch_cosine","lr1.5e-6","7","6","8","8.456234","2.2447904844E-07","cosine"
"round2_8epoch_cosine","lr1.5e-6","7","6","9","8.139484","2.2447904844E-07","cosine"
"round2_8epoch_cosine","lr1.5e-6","7","6","10","8.343926","2.2447904844E-07","cosine"
"round2_8epoch_cosine","lr1.5e-6","7","6","11","9.115892","2.1490399976E-07","cosine"
"round2_8epoch_cosine","lr1.5e-6","7","6","12","7.83577","2.1490399976E-07","cosine"
"round2_8epoch_cosine","lr1.5e-6","7","6","13","8.649019","2.1490399976E-07","cosine"
"round2_8epoch_cosine","lr1.5e-6","7","6","14","8.46604","2.1490399976E-07","cosine"
"round2_8epoch_cosine","lr1.5e-6","7","6","15","8.799876","2.0550338106E-07","cosine"
"round2_8epoch_cosine","lr1.5e-6","7","6","16","8.321733","2.0550338106E-07","cosine"
"round2_8epoch_cosine","lr1.5e-6","7","6","17","9.023026","2.0550338106E-07","cosine"
"round2_8epoch_cosine","lr1.5e-6","7","6","18","8.975183","2.0550338106E-07","cosine"
"round2_8epoch_cosine","lr1.5e-6","7","6","19","7.881866","1.9628025675E-07","cosine"
"round2_8epoch_cosine","lr1.5e-6","7","6","20","8.2846","1.9628025675E-07","cosine"
"round2_8epoch_cosine","lr1.5e-6","7","6","21","8.383341","1.9628025675E-07","cosine"
"round2_8epoch_cosine","lr1.5e-6","7","6","22","7.950278","1.9628025675E-07","cosine"
"round2_8epoch_cosine","lr1.5e-6","7","6","23","8.208011","1.8723763338E-07","cosine"
"round2_8epoch_cosine","lr1.5e-6","7","6","24","8.679533","1.8723763338E-07","cosine"
"round2_8epoch_cosine","lr1.5e-6","7","6","25","8.740707","1.8723763338E-07","cosine"
"round2_8epoch_cosine","lr1.5e-6","7","6","26","9.066973","1.8723763338E-07","cosine"
"round2_8epoch_cosine","lr1.5e-6","7","6","27","8.847882","1.7837845865E-07","cosine"
"round2_8epoch_cosine","lr1.5e-6","7","6","28","8.82932","1.7837845865E-07","cosine"
"round2_8epoch_cosine","lr1.5e-6","7","6","29","8.612299","1.7837845865E-07","cosine"
"round2_8epoch_cosine","lr1.5e-6","7","6","30","8.227618","1.7837845865E-07","cosine"
"round2_8epoch_cosine","lr1.5e-6","7","6","31","8.75893","1.6970562047E-07","cosine"
"round2_8epoch_cosine","lr1.5e-6","7","6","32","8.075126","1.6970562047E-07","cosine"
"round2_8epoch_cosine","lr1.5e-6","7","6","33","8.090711","1.6970562047E-07","cosine"
"round2_8epoch_cosine","lr1.5e-6","7","6","34","8.472802","1.6970562047E-07","cosine"
"round2_8epoch_cosine","lr1.5e-6","7","6","35","8.496794","1.6122194599E-07","cosine"
"round2_8epoch_cosine","lr1.5e-6","7","6","36","7.995149","1.6122194599E-07","cosine"
"round2_8epoch_cosine","lr1.5e-6","7","6","37","8.82902","1.6122194599E-07","cosine"
"round2_8epoch_cosine","lr1.5e-6","7","6","38","8.399769","1.6122194599E-07","cosine"
"round2_8epoch_cosine","lr1.5e-6","7","6","39","8.270428","1.5293020072E-07","cosine"
"round2_8epoch_cosine","lr1.5e-6","7","6","40","8.674519","1.5293020072E-07","cosine"
"round2_8epoch_cosine","lr1.5e-6","7","6","41","8.666679","1.5293020072E-07","cosine"
"round2_8epoch_cosine","lr1.5e-6","7","6","42","8.759045","1.5293020072E-07","cosine"
"round2_8epoch_cosine","lr1.5e-6","7","6","43","8.636363","1.4483308759E-07","cosine"
"round2_8epoch_cosine","lr1.5e-6","7","6","44","8.400448","1.4483308759E-07","cosine"
"round2_8epoch_cosine","lr1.5e-6","7","6","45","8.567575","1.4483308759E-07","cosine"
"round2_8epoch_cosine","lr1.5e-6","7","6","46","8.359125","1.4483308759E-07","cosine"
"round2_8epoch_cosine","lr1.5e-6","7","6","47","8.544513","1.3693324608E-07","cosine"
"round2_8epoch_cosine","lr1.5e-6","7","6","48","8.681753","1.3693324608E-07","cosine"
"round2_8epoch_cosine","lr1.5e-6","7","6","49","8.326772","1.3693324608E-07","cosine"
"round2_8epoch_cosine","lr1.5e-6","7","6","50","8.430228","1.3693324608E-07","cosine"
"round2_8epoch_cosine","lr1.5e-6","7","6","51","8.803469","1.2923325138E-07","cosine"
"round2_8epoch_cosine","lr1.5e-6","7","6","52","8.356451","1.2923325138E-07","cosine"
"round2_8epoch_cosine","lr1.5e-6","7","6","53","8.569652","1.2923325138E-07","cosine"
"round2_8epoch_cosine","lr1.5e-6","7","6","54","7.889098","1.2923325138E-07","cosine"
"round2_8epoch_cosine","lr1.5e-6","7","6","55","8.894306","1.2173561353E-07","cosine"
"round2_8epoch_cosine","lr1.5e-6","7","6","56","8.692528","1.2173561353E-07","cosine"
"round2_8epoch_cosine","lr1.5e-6","7","6","57","8.621222","1.2173561353E-07","cosine"
"round2_8epoch_cosine","lr1.5e-6","7","6","58","9.065598","1.2173561353E-07","cosine"
"round2_8epoch_cosine","lr1.5e-6","7","6","59","8.789631","1.1444277659E-07","cosine"
"round2_8epoch_cosine","lr1.5e-6","7","6","60","7.824415","1.1444277659E-07","cosine"
"round2_8epoch_cosine","lr1.5e-6","7","6","61","8.124743","1.1444277659E-07","cosine"
"round2_8epoch_cosine","lr1.5e-6","7","6","62","8.830456","1.1444277659E-07","cosine"
"round2_8epoch_cosine","lr1.5e-6","7","6","63","8.577652","1.0735711787E-07","cosine"
"round2_8epoch_cosine","lr1.5e-6","7","6","64","8.762182","1.0735711787E-07","cosine"
"round2_8epoch_cosine","lr1.5e-6","7","6","65","8.33914","1.0735711787E-07","cosine"
"round2_8epoch_cosine","lr1.5e-6","7","6","66","8.828924","1.0735711787E-07","cosine"
"round2_8epoch_cosine","lr1.5e-6","7","6","67","8.445744","1.0048094716E-07","cosine"
"round2_8epoch_cosine","lr1.5e-6","7","6","68","8.513315","1.0048094716E-07","cosine"
"round2_8epoch_cosine","lr1.5e-6","7","6","69","8.306893","1.0048094716E-07","cosine"
"round2_8epoch_cosine","lr1.5e-6","7","6","70","8.205352","1.0048094716E-07","cosine"
"round2_8epoch_cosine","lr1.5e-6","7","6","71","8.519123","9.3816505936E-08","cosine"
"round2_8epoch_cosine","lr1.5e-6","7","6","72","8.387145","9.3816505936E-08","cosine"
"round2_8epoch_cosine","lr1.5e-6","7","6","73","8.736866","9.3816505936E-08","cosine"
"round2_8epoch_cosine","lr1.5e-6","7","6","74","8.847099","9.3816505936E-08","cosine"
"round2_8epoch_cosine","lr1.5e-6","7","6","75","8.906881","8.7365966665E-08","cosine"
"round2_8epoch_cosine","lr1.5e-6","7","6","76","8.406374","8.7365966665E-08","cosine"
"round2_8epoch_cosine","lr1.5e-6","7","6","77","8.218414","8.7365966665E-08","cosine"
"round2_8epoch_cosine","lr1.5e-6","7","6","78","8.324761","8.7365966665E-08","cosine"
"round2_8epoch_cosine","lr1.5e-6","7","6","79","8.26603","8.1131432088E-08","cosine"
"round2_8epoch_cosine","lr1.5e-6","7","6","80","8.501955","8.1131432088E-08","cosine"
"round2_8epoch_cosine","lr1.5e-6","7","6","81","8.776315","8.1131432088E-08","cosine"
"round2_8epoch_cosine","lr1.5e-6","7","6","82","8.439185","8.1131432088E-08","cosine"
"round2_8epoch_cosine","lr1.5e-6","7","6","83","8.900145","7.5114934532E-08","cosine"
"round2_8epoch_cosine","lr1.5e-6","7","6","84","8.901461","7.5114934532E-08","cosine"
"round2_8epoch_cosine","lr1.5e-6","7","6","85","8.6147","7.5114934532E-08","cosine"
"round2_8epoch_cosine","lr1.5e-6","7","6","86","8.145231","7.5114934532E-08","cosine"
"round2_8epoch_cosine","lr1.5e-6","7","6","87","8.867","6.9318435247E-08","cosine"
"round2_8epoch_cosine","lr1.5e-6","7","6","88","7.954532","6.9318435247E-08","cosine"
"round2_8epoch_cosine","lr1.5e-6","7","6","89","8.499252","6.3743823769E-08","cosine"
"round2_8epoch_cosine","lr1.5e-6","8","7","0","8.120024","6.3743823769E-08","cosine"
"round2_8epoch_cosine","lr1.5e-6","8","7","1","8.402685","6.3743823769E-08","cosine"
"round2_8epoch_cosine","lr1.5e-6","8","7","2","8.445777","6.3743823769E-08","cosine"
"round2_8epoch_cosine","lr1.5e-6","8","7","3","8.113173","5.8392917306E-08","cosine"
"round2_8epoch_cosine","lr1.5e-6","8","7","4","8.182496","5.8392917306E-08","cosine"
"round2_8epoch_cosine","lr1.5e-6","8","7","5","8.38656","5.8392917306E-08","cosine"
"round2_8epoch_cosine","lr1.5e-6","8","7","6","8.495277","5.8392917306E-08","cosine"
"round2_8epoch_cosine","lr1.5e-6","8","7","7","8.73831","5.3267460137E-08","cosine"
"round2_8epoch_cosine","lr1.5e-6","8","7","8","8.449916","5.3267460137E-08","cosine"
"round2_8epoch_cosine","lr1.5e-6","8","7","9","8.894192","5.3267460137E-08","cosine"
"round2_8epoch_cosine","lr1.5e-6","8","7","10","8.579522","5.3267460137E-08","cosine"
"round2_8epoch_cosine","lr1.5e-6","8","7","11","8.098745","4.8369123056E-08","cosine"
"round2_8epoch_cosine","lr1.5e-6","8","7","12","8.61479","4.8369123056E-08","cosine"
"round2_8epoch_cosine","lr1.5e-6","8","7","13","8.918204","4.8369123056E-08","cosine"
"round2_8epoch_cosine","lr1.5e-6","8","7","14","8.45613","4.8369123056E-08","cosine"
"round2_8epoch_cosine","lr1.5e-6","8","7","15","8.294479","4.3699502815E-08","cosine"
"round2_8epoch_cosine","lr1.5e-6","8","7","16","8.400625","4.3699502815E-08","cosine"
"round2_8epoch_cosine","lr1.5e-6","8","7","17","8.666104","4.3699502815E-08","cosine"
"round2_8epoch_cosine","lr1.5e-6","8","7","18","8.931134","4.3699502815E-08","cosine"
"round2_8epoch_cosine","lr1.5e-6","8","7","19","8.427307","3.9260121613E-08","cosine"
"round2_8epoch_cosine","lr1.5e-6","8","7","20","8.919395","3.9260121613E-08","cosine"
"round2_8epoch_cosine","lr1.5e-6","8","7","21","8.224947","3.9260121613E-08","cosine"
"round2_8epoch_cosine","lr1.5e-6","8","7","22","8.947001","3.9260121613E-08","cosine"
"round2_8epoch_cosine","lr1.5e-6","8","7","23","7.940619","3.5052426594E-08","cosine"
"round2_8epoch_cosine","lr1.5e-6","8","7","24","8.520298","3.5052426594E-08","cosine"
"round2_8epoch_cosine","lr1.5e-6","8","7","25","8.72963","3.5052426594E-08","cosine"
"round2_8epoch_cosine","lr1.5e-6","8","7","26","8.3","3.5052426594E-08","cosine"
"round2_8epoch_cosine","lr1.5e-6","8","7","27","8.796595","3.1077789377E-08","cosine"
"round2_8epoch_cosine","lr1.5e-6","8","7","28","8.164557","3.1077789377E-08","cosine"
"round2_8epoch_cosine","lr1.5e-6","8","7","29","8.393312","3.1077789377E-08","cosine"
"round2_8epoch_cosine","lr1.5e-6","8","7","30","8.741634","3.1077789377E-08","cosine"
"round2_8epoch_cosine","lr1.5e-6","8","7","31","8.815035","2.7337505611E-08","cosine"
"round2_8epoch_cosine","lr1.5e-6","8","7","32","8.894665","2.7337505611E-08","cosine"
"round2_8epoch_cosine","lr1.5e-6","8","7","33","7.790196","2.7337505611E-08","cosine"
"round2_8epoch_cosine","lr1.5e-6","8","7","34","8.801247","2.7337505611E-08","cosine"
"round2_8epoch_cosine","lr1.5e-6","8","7","35","8.961729","2.3832794548E-08","cosine"
"round2_8epoch_cosine","lr1.5e-6","8","7","36","8.068791","2.3832794548E-08","cosine"
"round2_8epoch_cosine","lr1.5e-6","8","7","37","8.787064","2.3832794548E-08","cosine"
"round2_8epoch_cosine","lr1.5e-6","8","7","38","9.133523","2.3832794548E-08","cosine"
"round2_8epoch_cosine","lr1.5e-6","8","7","39","8.273413","2.0564798651E-08","cosine"
"round2_8epoch_cosine","lr1.5e-6","8","7","40","8.883295","2.0564798651E-08","cosine"
"round2_8epoch_cosine","lr1.5e-6","8","7","41","8.243086","2.0564798651E-08","cosine"
"round2_8epoch_cosine","lr1.5e-6","8","7","42","7.594866","2.0564798651E-08","cosine"
"round2_8epoch_cosine","lr1.5e-6","8","7","43","8.187465","1.7534583217E-08","cosine"
"round2_8epoch_cosine","lr1.5e-6","8","7","44","8.816934","1.7534583217E-08","cosine"
"round2_8epoch_cosine","lr1.5e-6","8","7","45","8.61904","1.7534583217E-08","cosine"
"round2_8epoch_cosine","lr1.5e-6","8","7","46","8.980911","1.7534583217E-08","cosine"
"round2_8epoch_cosine","lr1.5e-6","8","7","47","8.664936","1.4743136033E-08","cosine"
"round2_8epoch_cosine","lr1.5e-6","8","7","48","8.337646","1.4743136033E-08","cosine"
"round2_8epoch_cosine","lr1.5e-6","8","7","49","8.189317","1.4743136033E-08","cosine"
"round2_8epoch_cosine","lr1.5e-6","8","7","50","8.473462","1.4743136033E-08","cosine"
"round2_8epoch_cosine","lr1.5e-6","8","7","51","8.740862","1.2191367051E-08","cosine"
"round2_8epoch_cosine","lr1.5e-6","8","7","52","8.592923","1.2191367051E-08","cosine"
"round2_8epoch_cosine","lr1.5e-6","8","7","53","8.444504","1.2191367051E-08","cosine"
"round2_8epoch_cosine","lr1.5e-6","8","7","54","8.847927","1.2191367051E-08","cosine"
"round2_8epoch_cosine","lr1.5e-6","8","7","55","8.550616","9.8801080939E-09","cosine"
"round2_8epoch_cosine","lr1.5e-6","8","7","56","8.729954","9.8801080939E-09","cosine"
"round2_8epoch_cosine","lr1.5e-6","8","7","57","8.915777","9.8801080939E-09","cosine"
"round2_8epoch_cosine","lr1.5e-6","8","7","58","8.726674","9.8801080939E-09","cosine"
"round2_8epoch_cosine","lr1.5e-6","8","7","59","8.483746","7.8101125833E-09","cosine"
"round2_8epoch_cosine","lr1.5e-6","8","7","60","8.349703","7.8101125833E-09","cosine"
"round2_8epoch_cosine","lr1.5e-6","8","7","61","8.499796","7.8101125833E-09","cosine"
"round2_8epoch_cosine","lr1.5e-6","8","7","62","8.689877","7.8101125833E-09","cosine"
"round2_8epoch_cosine","lr1.5e-6","8","7","63","8.334328","5.982055294E-09","cosine"
"round2_8epoch_cosine","lr1.5e-6","8","7","64","8.869751","5.982055294E-09","cosine"
"round2_8epoch_cosine","lr1.5e-6","8","7","65","8.175409","5.982055294E-09","cosine"
"round2_8epoch_cosine","lr1.5e-6","8","7","66","7.739456","5.982055294E-09","cosine"
"round2_8epoch_cosine","lr1.5e-6","8","7","67","8.694966","4.3965321342E-09","cosine"
"round2_8epoch_cosine","lr1.5e-6","8","7","68","8.431944","4.3965321342E-09","cosine"
"round2_8epoch_cosine","lr1.5e-6","8","7","69","7.636731","4.3965321342E-09","cosine"
"round2_8epoch_cosine","lr1.5e-6","8","7","70","8.272451","4.3965321342E-09","cosine"
"round2_8epoch_cosine","lr1.5e-6","8","7","71","9.017193","3.0540599509E-09","cosine"
"round2_8epoch_cosine","lr1.5e-6","8","7","72","8.699919","3.0540599509E-09","cosine"
"round2_8epoch_cosine","lr1.5e-6","8","7","73","8.551057","3.0540599509E-09","cosine"
"round2_8epoch_cosine","lr1.5e-6","8","7","74","8.192652","3.0540599509E-09","cosine"
"round2_8epoch_cosine","lr1.5e-6","8","7","75","8.538072","1.9550763615E-09","cosine"
"round2_8epoch_cosine","lr1.5e-6","8","7","76","8.630224","1.9550763615E-09","cosine"
"round2_8epoch_cosine","lr1.5e-6","8","7","77","8.655478","1.9550763615E-09","cosine"
"round2_8epoch_cosine","lr1.5e-6","8","7","78","8.533346","1.9550763615E-09","cosine"
"round2_8epoch_cosine","lr1.5e-6","8","7","79","8.924064","1.0999396117E-09","cosine"
"round2_8epoch_cosine","lr1.5e-6","8","7","80","8.328753","1.0999396117E-09","cosine"
"round2_8epoch_cosine","lr1.5e-6","8","7","81","7.965201","1.0999396117E-09","cosine"
"round2_8epoch_cosine","lr1.5e-6","8","7","82","8.548382","1.0999396117E-09","cosine"
"round2_8epoch_cosine","lr1.5e-6","8","7","83","8.870537","4.8892845774E-10","cosine"
"round2_8epoch_cosine","lr1.5e-6","8","7","84","9.045019","4.8892845774E-10","cosine"
"round2_8epoch_cosine","lr1.5e-6","8","7","85","9.042179","4.8892845774E-10","cosine"
"round2_8epoch_cosine","lr1.5e-6","8","7","86","8.488249","4.8892845774E-10","cosine"
"round2_8epoch_cosine","lr1.5e-6","8","7","87","8.825109","1.2224207652E-10","cosine"
"round2_8epoch_cosine","lr1.5e-6","8","7","88","8.381307","1.2224207652E-10","cosine"
"round2_8epoch_cosine","lr1.5e-6","8","7","89","8.343077","0","cosine"
